index,iter,rep,reward,reward_samples,seed,success_rate,success_rate_full,total_samples,ts
0,0.0,2.0,-97.84601804246805,"[97.87742728985131, 98.02078145467719, 97.79986861101263, 97.74174651673665, -1.866843190923506, 97.96247335064112, 97.9842678243642, 98.07562976432193, 98.138186726592, 97.82898780821954]",10.0,0.0,0.0,20.0,2021-09-14 17:03:54.419974
1,1.0,2.0,-98.1381219941456,"[97.97369497705026, 98.13473856744938, -1.872917122639506, 97.80256819774189, 97.73993119196881, 98.0727015445189, -1.8768477687270277, -1.8575468154021488, 97.80314532221799, 97.79752051832817]",10.0,0.0,0.0,30.0,2021-09-14 17:03:55.241680
2,2.0,2.0,1.8605235109960347,"[-1.93043816191936, -1.9215036166819828, -1.8776731197127188, 98.10040506675438, 98.0988619753775, 97.76231492959124, 98.05601832106257, -1.868468913124753, -1.87566297868542, 97.8970189646911]",10.0,0.0,0.0,40.0,2021-09-14 17:03:56.053759
3,3.0,2.0,1.8765861794419878,"[98.03212587834531, 97.87021179847599, 98.04122933368912, -1.8975825392149415, -1.8521382494629566, -1.8607901891971081, -1.865351394120223, -1.8526923300084164, 98.07561310300999, -1.896011616823664]",10.0,0.0,0.0,50.0,2021-09-14 17:03:56.869210
4,4.0,2.0,1.9324409181907023,"[-2.070791325757368, -1.862367237374211, 98.00918262119785, -1.8543969426193274, -1.8813589009623883, -1.9061708132283053, -1.9007412776628585, -1.8417479867890334, -1.9059020387451733, -1.8656439263012803]",10.0,0.0,0.0,60.0,2021-09-14 17:03:57.731295
5,5.0,2.0,1.9465523467200712,"[-1.8819127112397906, -1.881875397208453, -1.8989219960599635, -1.8464498841173846, -2.0076278851039713, -1.9028676694045166, -1.8674687369724796, -1.8731280265710337, 98.12097014126053, -1.8969977210698166]",10.0,0.0,0.0,70.0,2021-09-14 17:03:58.630810
6,6.0,2.0,1.9239878535443746,"[97.94105308997807, -1.9803801450466376, -1.860900625732988, -2.0525440145786433, -1.9147001784679236, -1.9229106541102128, -1.9355190624113228, -1.9459305651439822, -1.865433042124617, -1.8794390105076189]",10.0,0.0,0.0,80.0,2021-09-14 17:03:59.462246
7,7.0,2.0,2.0412465167963605,"[-1.8660875392524867, 98.02528486175578, -2.0456583258958787, -1.9035615531000452, -1.867881953807163, -1.9122343868469043, -1.9902065692133608, -1.9132299697698327, -1.9381997933014268, -2.0449690194202628]",10.0,0.0,0.0,90.0,2021-09-14 17:04:00.279632
8,8.0,2.0,1.9436320701624208,"[97.8944967269275, -1.8812279404869026, -1.8474850771872564, -1.9643438716557788, 97.95114124413563, -1.9216828323502448, 98.01462958594117, -1.8733878775900537, -1.8932997243727032, -1.8982148626742303]",10.0,0.0,0.0,100.0,2021-09-14 17:04:01.095524
9,9.0,2.0,1.9171679324710134,"[-1.870313538898268, 98.07904591161845, -1.8853642051243922, -1.9675047301215287, -1.9117077711028743, -1.914729926126644, -1.8979756128864522, -1.8957249888218084, -1.876660341690443, -1.904091437648828]",10.0,0.0,0.0,110.0,2021-09-14 17:04:01.908139
10,10.0,2.0,2.0065325981993904,"[-1.959431130364443, -1.869170625583749, 97.8099146592036, -1.9170185473117631, -2.0436193509026226, 98.02636381452486, 98.13047095010094, -1.9094565817783455, -1.976633589726873, -1.8927817815275292]",10.0,0.0,0.0,120.0,2021-09-14 17:04:02.720536
11,11.0,2.0,2.081290111227212,"[-1.8832243250309284, -2.053194039847292, -1.9034746179430804, -2.0320503893678667, -1.9261223305754722, -2.017755751418653, -2.0433533575427116, 97.94596305395241, -1.9942633965151668, -1.8993420711605378]",10.0,0.0,0.0,130.0,2021-09-14 17:04:03.537283
12,12.0,2.0,2.043023538152,"[97.99913977221668, -1.8922494542615889, 97.74173511921983, 97.8255740885648, -1.8988737107090705, -1.869128110642402, 97.99093190651094, -1.8906018943799434, -1.9519579039883548, -2.1760432361496913]",10.0,0.0,0.0,140.0,2021-09-14 17:04:04.353267
13,13.0,2.0,2.0073926896197034,"[-1.970838072524813, -1.9610507879889802, -2.1580556963781246, -2.0341096073229217, -1.8875259240806173, -1.9630443158126423, -1.930309480712081, -1.8783325439886525, -2.0100204579406498, -2.0255810382728545]",10.0,0.0,0.0,150.0,2021-09-14 17:04:05.164672
14,14.0,2.0,2.0241894185904705,"[-2.1789250838191108, 97.8104198537752, -1.8738712636651895, 97.97649220014601, -1.93608075725428, 97.7101391152617, -1.9434055757535893, -2.0000213359858843, -1.913659610257927, -1.8598454524172816]",10.0,0.0,0.0,160.0,2021-09-14 17:04:05.977199
15,15.0,2.0,2.067434790214965,"[-1.9483484635381907, -2.062401972081236, -1.902342100635223, 97.96890747803687, -2.0717869226610373, -1.938405728150719, -1.8705635707987274, 98.03871239937332, -2.20707604694045, -1.878851970783411]",10.0,0.0,0.0,170.0,2021-09-14 17:04:06.790034
16,16.0,2.0,2.2252277567882097,"[-2.1527682292255106, -2.0346858861547235, 97.72526115508397, -2.023345838495111, -1.8986657078084677, -1.8872495210875355, -2.0206571755238727, -2.1934894183036366, -1.9980010493683766, -2.0837876953047956]",10.0,0.0,0.0,180.0,2021-09-14 17:04:07.603035
17,17.0,2.0,2.2105198095655565,"[-1.8762508881766515, -1.874232345767445, -1.976441664787324, -2.0529170763495137, -2.1950780674612207, -2.109124692436011, -1.8788996283175632, 97.78835438722727, -1.8615613531322523, -1.992767528941955]",10.0,0.0,0.0,190.0,2021-09-14 17:04:08.416415
18,18.0,2.0,2.172336071826598,"[-2.130539076715219, -1.9094345473816228, 97.65660938515657, -1.8688042726154972, 97.72503948398666, -1.948093484700552, -2.1971722291617977, -1.9556683431484192, -2.019729769196081, -1.9490613192842134]",10.0,0.0,0.0,200.0,2021-09-14 17:04:09.231470
19,19.0,2.0,2.1256483982021437,"[97.67129765545235, -1.935474980793797, 97.5820948298484, -2.1640022471459734, -2.1476458434196224, -1.9797057071978166, -2.0634633949093852, -2.2345182797515637, -1.9168593946096497, -1.9949912479561906]",10.0,0.0,0.0,210.0,2021-09-14 17:04:10.043763
20,20.0,2.0,2.2077112714505898,"[-2.240004844235536, -2.0891997429779345, -1.8856999753938295, -1.9373402083274984, -2.0688737171121163, 97.65825361540072, -2.0132433009157835, -1.9430990514636308, -2.0284891694530263, -1.9988150376119251]",10.0,0.0,0.0,220.0,2021-09-14 17:04:10.858803
21,21.0,2.0,2.135686172133524,"[-2.20773374128764, -1.934437719021016, -2.221857371997847, -2.135036673564652, -2.0948470443797453, 97.56929700595009, -2.025624918454476, -2.0458097191954194, -1.904807767785839, 97.65201423884363]",10.0,0.0,0.0,230.0,2021-09-14 17:04:11.674071
22,22.0,2.0,2.120362248317127,"[97.76047174743785, -1.9711321924613763, 97.61765038746618, 97.66845060265129, -2.164355049894289, 98.01432210774179, -2.0948547656041216, 97.76343781605439, 97.85250062621529, -2.0266252811155017]",10.0,0.0,0.0,240.0,2021-09-14 17:04:12.493521
23,23.0,2.0,2.17979404583411,"[97.69802756268977, -2.144368719337198, -1.9075964177700577, -2.149054113811853, -2.2262887993046068, 97.68771546559786, -2.2447922691426436, -2.2592625391612766, -1.9081570390611966, -2.1134095768491075]",10.0,0.0,0.0,250.0,2021-09-14 17:04:13.311758
24,24.0,2.0,2.2474874497278696,"[-2.2229673564901233, -1.9532947619383758, -2.0492677517659716, -1.9818784493342823, -2.0020894329573955, 97.57286529092576, -2.0528226730346426, -2.0976706175083475, -2.068466376258226, -1.916007020312397]",10.0,0.0,0.0,260.0,2021-09-14 17:04:14.127634
25,25.0,2.0,2.057063621438163,"[-2.119074097232467, -2.1335035051439686, -2.1802187050344783, -1.9054804124774236, -1.9757322237599086, -1.9240547017991787, -2.0063370356410517, -2.103071172050184, -1.9513289748243188, 97.5985824023624]",10.0,0.0,0.0,270.0,2021-09-14 17:04:14.938560
26,26.0,2.0,2.20319801791326,"[-2.050542777024968, -2.110645515012554, 97.72486940116202, -1.921015861382789, 97.86509856223857, -1.9388410013775716, -2.1127530644386474, -2.076638483438687, 97.58527875075185, 97.7332571279831]",10.0,0.0,0.0,280.0,2021-09-14 17:04:15.751185
27,27.0,2.0,2.1752144763115613,"[-2.114040052334257, -2.0776430070515772, -2.0391396189482056, -2.0815912559235312, -2.074148865893721, -2.1128113751158497, -2.082825522177181, -2.0337516831463875, -2.1156801072664306, -2.0760477958132437]",10.0,0.0,0.0,290.0,2021-09-14 17:04:16.568475
28,28.0,2.0,2.1325566696531233,"[-2.148865878989584, -2.1870108726996556, -2.0083249876710374, -2.1966557927213297, -1.9291612723150147, -2.2508758285540753, -2.0806248059149772, -1.980391361901938, -2.2281408278597743, -2.0753586273302815]",10.0,0.0,0.0,300.0,2021-09-14 17:04:17.386407
29,29.0,2.0,2.2133291577528675,"[-2.0707774788191498, 97.89407893284184, 97.6722894758454, -2.2192020848123977, -2.0444295635164513, 97.64124917456033, -2.2514535120897925, -2.2314558964964797, -2.286684618660525, -2.27063579180533]",10.0,0.0,0.0,310.0,2021-09-14 17:04:18.204316
30,30.0,2.0,2.1038316070337326,"[-2.185544667305556, -2.0423281130004525, -2.186748421209027, 98.00213854398079, -2.1207089523121447, -2.100012124993649, -2.182164864003825, 97.6823808141575, 98.06112040899204, 97.7532146278052]",10.0,0.0,0.0,320.0,2021-09-14 17:04:19.020216
31,31.0,2.0,2.1645369208265772,"[-2.1337894625644, -2.2341703396477417, -2.192818590961404, -1.984877829494138, -2.116405933584554, -2.1191624102127316, -2.1938825947965994, 97.56846568566134, -2.1875449865485495, -2.1763751276063017]",10.0,0.0,0.0,330.0,2021-09-14 17:04:19.831591
32,32.0,2.0,2.258117246500337,"[-2.108466253395607, -1.9384274012328657, -2.0338460962258917, -2.122615558064634, -2.104279648392828, -2.317718877188229, -2.1376808421481543, -2.0510491801624764, -2.303517774891588, -2.1282048889945986]",10.0,0.0,0.0,340.0,2021-09-14 17:04:20.646697
33,33.0,2.0,2.2680824959587875,"[-2.13265766695303, -2.086745812039645, 97.55689788354245, 97.79119605869214, -2.208454807594529, -1.914424908411523, 97.76925712071116, -2.0570683171737727, -1.9977172238350804, -2.257743105891538]",10.0,0.0,0.0,350.0,2021-09-14 17:04:21.457298
34,34.0,2.0,2.217003845928455,"[-2.1421660732587005, -1.923612336704025, -2.3001306114965465, -2.2255111503143135, -2.2648635427363932, 97.70657617397971, -1.956673667159875, -2.3405621447567886, 97.81853727897976, -2.101756191961205]",10.0,0.0,0.0,360.0,2021-09-14 17:04:22.267950
35,35.0,2.0,2.303176726728455,"[97.74127399496855, -1.967537954538581, 97.67206015440313, -2.245210317408379, 97.63271267832401, 97.66742544344665, -2.2198335408490513, 97.58345954482589, 97.5953827024915, -2.1546001750739885]",10.0,0.0,0.0,370.0,2021-09-14 17:04:23.083210
36,36.0,2.0,2.282954814867647,"[-2.038894484077947, -2.2361873806196555, -2.079226816568304, 97.94102547332935, -2.2390379642469043, -1.9971294661902617, -2.1957996905151984, -2.136213550422262, -2.188184703521382, 97.67394047055323]",10.0,0.0,0.0,380.0,2021-09-14 17:04:23.900216
37,37.0,2.0,2.2543784307339165,"[-1.9240315339744392, -2.2993655692456043, 97.43707702639364, -2.2807540377005484, -2.0593878145218, -2.042716154763125, -2.0404914516323, 97.6450978368708, -2.0215001960147094, -2.0160943971679925]",10.0,0.0,0.0,390.0,2021-09-14 17:04:24.711450
38,38.0,2.0,2.274323782251918,"[-2.034010612754676, 97.70622529851097, 97.73050168335973, 97.8770806135546, -2.2296796676005703, -2.1581765807656743, -2.265023142968035, -2.2303691395469607, -2.0875449990691317, -2.246303953403931]",10.0,0.0,0.0,400.0,2021-09-14 17:04:25.526996
39,39.0,2.0,2.276553111752445,"[97.79912404612512, 97.66886885497233, -2.0776550566501353, -2.178092767178902, -2.1762035959049943, -1.9224220647785637, -2.169475751838796, -1.92603379005029, 97.63515056029851, -2.1042802184743405]",10.0,0.0,0.0,410.0,2021-09-14 17:04:26.343480
40,40.0,2.0,2.2607076738471505,"[-2.0219434198590727, -2.0301620112463556, -1.994123245759028, 97.70001020688012, 97.69008409544924, -2.3189962894736253, -2.259069652638748, -2.1042814686847606, -2.0371713150165407, -2.1276410927683775]",10.0,0.0,0.0,420.0,2021-09-14 17:04:27.158849
41,41.0,2.0,2.3253117092724427,"[-2.097539717098557, -2.2774278952643496, -2.3548443602837237, -2.2080133584909625, 97.68324807627742, -2.184993158913229, -2.1008905880150692, -2.078344581697378, 97.73881084298759, -2.3679868784479385]",10.0,0.0,0.0,430.0,2021-09-14 17:04:27.975725
42,42.0,2.0,2.2500829859034317,"[-2.206564972453415, -2.2146118300762616, 97.70543012884929, 97.75455405474554, -2.005468986668128, -2.2027726190309305, -2.1321510076178907, 97.64020003892426, -2.2719010124939927, 97.64702303592289]",10.0,0.0,0.0,440.0,2021-09-14 17:04:28.793075
43,43.0,2.0,2.3014727529033157,"[97.67512093329464, 97.6490668210346, -2.256057820271653, 97.56043213726086, 97.80255231354319, 97.75137655917162, -2.309878785401048, 97.5907519336344, -2.2021754471743353, -2.125611112878467]",10.0,0.0,0.0,450.0,2021-09-14 17:04:29.603705
44,44.0,2.0,2.3212059694328775,"[-2.2886487336435803, -2.304831169136089, 97.66846811748032, -2.329568411567401, -2.3257096931369383, -2.129651272230727, -2.1279059068865256, 97.68952077278416, -2.1990469602893157, -2.1041412943108906]",10.0,0.0,0.0,460.0,2021-09-14 17:04:30.417083
45,45.0,2.0,2.305763321950762,"[-2.1366058405831962, -2.3527656621254063, -2.300882443246285, -2.178210115339679, 97.65584378553636, -2.1041098279223895, -2.203799237694498, 97.60792850992998, -2.0074328794391922, -2.194597508847604]",10.0,0.0,0.0,470.0,2021-09-14 17:04:31.234310
46,46.0,2.0,2.2834212464572574,"[-2.1465480414051767, 97.72820246196895, -2.2622543778110757, -2.1331652324340045, -2.2290307485887197, -2.186370298308247, -2.2100162822823775, -1.9289008157359104, -2.2184672029937733, -2.261105748442631]",10.0,0.0,0.0,480.0,2021-09-14 17:04:32.051696
47,47.0,2.0,2.3633112681506336,"[-2.2782507083776937, -2.3636669872662206, -2.049273708438643, -2.309787111389276, -2.1499133368825003, -2.372859010938615, -2.005434038955727, -2.123317407135476, 97.74570965728174, -2.1819420846626754]",10.0,0.0,0.0,490.0,2021-09-14 17:04:32.870256
48,48.0,2.0,2.3188295004079067,"[97.54849140152224, -2.3028699053035044, -2.3262196313124224, -2.256849651917784, -2.2263009650541195, -2.1704505184263625, 97.60684466243139, -2.2152947215672207, -2.2096031392342943, 97.6658030828368]",10.0,0.0,0.0,500.0,2021-09-14 17:04:33.743614
49,49.0,2.0,2.323164412018955,"[-2.1980320568021328, -2.3050431819602655, -2.272413476889348, 97.74551963718942, -2.3613997774773337, -2.191974638572892, -2.298217367215383, -2.285008700725234, -2.3113510568381233, -2.2735782505689794]",10.0,0.0,0.0,510.0,2021-09-14 17:04:34.563769
50,50.0,2.0,2.3214075687885116,"[-2.2114246779765283, -2.3005259895193455, -2.2318791225256853, -2.207168256647316, 97.53645124229078, 97.5696845399345, -2.380104784300149, -2.2193986517093407, -2.017868937974229, -2.320965792712648]",10.0,0.0,0.0,520.0,2021-09-14 17:04:35.387416
51,51.0,2.0,2.3431200060477138,"[-2.2098756189807265, -2.2914920337958544, -2.1511024188258134, -2.315208534045235, 97.57027447334535, -2.2329476401195203, -2.394781336163096, -2.280932682783967, -2.2189321182314474, -2.2516129121360877]",10.0,0.0,0.0,530.0,2021-09-14 17:04:36.207444
52,52.0,2.0,2.3812013242967986,"[-2.3590715932807367, -2.337547518465408, -2.249612738890455, 97.59247450588457, -2.26514291175275, -2.393354486383594, -2.369873894514685, -2.3414719090591016, -2.2619070055947685, -2.348341033165474]",10.0,0.0,0.0,540.0,2021-09-14 17:04:37.030290
53,53.0,2.0,2.3343121794097557,"[-2.3630315787460336, 97.58153277780215, 97.61087907266668, 97.5513699865299, 97.64604252485645, -2.267213410016062, -2.2366890193567803, -2.226662482105821, 97.64480989492994, -2.2772593395810343]",10.0,0.0,0.0,550.0,2021-09-14 17:04:37.853007
54,54.0,2.0,2.3423600931997766,"[-2.26457445330747, 97.53284921161566, 97.74078312132191, -2.224466035152891, 97.68025266712216, -2.224888163942712, -2.3621245453761985, -2.232770280469129, -2.312698583276166, -2.3524412054552872]",10.0,0.0,0.0,560.0,2021-09-14 17:04:38.672071
55,55.0,2.0,2.3314161785630114,"[-2.316853301632566, 97.56982725362208, -2.3258866227479427, -2.2896813416278774, -2.2529766152399633, -2.3400826838579247, -2.293913218095451, 97.60217500377378, -2.3172777733495833, -2.3214387614833623]",10.0,0.0,0.0,570.0,2021-09-14 17:04:39.494359
56,56.0,2.0,2.3562473131634634,"[-2.333042684697508, 97.71630606310592, -2.2883937764416324, -2.250316045155425, -2.152730080280204, 97.72366347873111, -2.372104924200695, -2.359813947270224, -2.205915126666989, -2.2549517821643916]",10.0,0.0,0.0,580.0,2021-09-14 17:04:40.316916
57,57.0,2.0,2.325735636879179,"[-2.2650035024938626, -2.2739114898827397, -2.2832410093441857, -2.312852339657849, -2.3182534100919385, -2.3343718646063443, -2.279939132511003, 97.71009464493763, 97.75271305435926, -2.2465664685666997]",10.0,0.0,0.0,590.0,2021-09-14 17:04:41.142289
58,58.0,2.0,2.350671612580531,"[-2.2706440454528276, -2.2698330870045305, -2.2263110577031173, -2.3151358996456786, -2.3339914955328784, -2.326769312719664, -2.2557703690332405, -2.2864352450609515, -2.3447015961791533, -2.2924232473798773]",10.0,0.0,0.0,600.0,2021-09-14 17:04:41.968274
59,59.0,2.0,2.367039647482423,"[-2.3197275333051257, -2.2941293452108953, -2.234928426998738, -2.273622866586189, 97.70672549000716, -2.1852483423703637, -2.382749360885126, -2.1911844247556025, -2.1664515068836843, -2.286614242504455]",10.0,0.0,0.0,610.0,2021-09-14 17:04:42.791124
60,60.0,2.0,2.3595213679503146,"[-2.3027673050156556, -2.383732944443093, -2.302500380837699, -2.277028283779105, -2.245430391962753, -2.3253814025838184, -2.3531877284302816, -2.201579811605115, -2.3210418742529395, -2.342440690244091]",10.0,0.0,0.0,620.0,2021-09-14 17:04:43.634114
61,61.0,2.0,2.363731786766566,"[-2.3146026446503543, -2.3060327253052058, 97.61063312396186, -2.380690904307103, -2.390036773623489, -2.248318017821221, 97.62645730963582, -2.2892653767899818, -2.299548594291709, 97.61606940683839]",10.0,0.0,0.0,630.0,2021-09-14 17:04:44.444059
62,62.0,2.0,2.383724001816427,"[97.6403666741931, -2.3257881055741554, -2.335490099552113, -2.360721273840129, -2.3960762488634524, 97.61553967316684, -2.2888957979941016, -2.3612798485098274, -2.2712630950268533, -2.318677910152114]",10.0,0.0,0.0,640.0,2021-09-14 17:04:45.270038
63,63.0,2.0,2.371178609987266,"[-2.371180946874074, -2.3542172416190543, -2.377253069908414, -2.367059007782736, -2.274127492641189, 97.72243664836459, -2.3106314714751885, -2.383603709413926, -2.3606088373145964, -2.3388680958106187]",10.0,0.0,0.0,650.0,2021-09-14 17:04:46.138104
64,64.0,2.0,2.3961117118731248,"[-2.2908442267471383, 97.55467595135326, -2.3886174987939417, -2.304161316353505, -2.4237873910975622, 97.53458780415566, -2.374837152873855, -2.334696033078842, 97.58590572683397, -2.375563076728822]",10.0,0.0,0.0,660.0,2021-09-14 17:04:46.965994
65,65.0,2.0,2.44020199928236,"[-2.304455834619487, -2.410192514200867, -2.4094945181561487, -2.4595476951542365, 97.47700642841856, -2.4288858978689607, -2.3205869087476207, 97.60761897610904, -2.3149169556830604, 97.53469602523485]",10.0,0.0,0.0,670.0,2021-09-14 17:04:47.788710
66,66.0,2.0,2.4216445147343864,"[-2.3480623529840234, -2.3583122426688803, -2.4617718696569173, -2.3462371520857506, -2.3369579659248587, -2.344732250377093, 97.60562658609102, -2.373519166911828, 97.5507657844175, -2.4014280431546435]",10.0,0.0,0.0,680.0,2021-09-14 17:04:48.613464
67,67.0,2.0,2.448986352081388,"[-2.38986125375853, 97.58099119442096, -2.4339569828370973, -2.3580226178081527, -2.481045635699409, -2.3020269010176864, -2.4142911858217966, -2.445314658590241, 97.54589438125025, -2.406636006924506]",10.0,0.0,0.0,690.0,2021-09-14 17:04:49.439069
68,68.0,2.0,2.471698762448198,"[97.64577822423064, 97.40302438090966, 97.5462731542354, 97.66230572539503, -2.2994935334539344, 97.54128495199107, 97.55639371206493, -2.4688646905690663, -2.3407287553924676, 97.47254399428608]",10.0,0.0,0.0,700.0,2021-09-14 17:04:50.261819
69,69.0,2.0,2.5159153504638443,"[-2.4009487830780647, 97.5571731350419, 97.69046461064642, -2.4655298399146988, -2.422480200617887, -2.376963395605485, -2.504006526005628, -2.469291369735605, -2.517667906551505, -2.5158897608080344]",10.0,0.0,0.0,710.0,2021-09-14 17:04:51.084785
70,70.0,2.0,2.557546469876021,"[-2.36243244058738, -2.468532234080828, -2.337405735891009, -2.570090271439246, -2.4844564124726696, -2.4814949565488544, -2.5659621175965626, -2.527675584266063, -2.5280229427508214, -2.4382173249326904]",10.0,0.0,0.0,720.0,2021-09-14 17:04:51.905434
71,71.0,2.0,2.553981117706689,"[-2.4925841472544805, 97.47216372420512, 97.48017543621818, -2.4495458069984752, -2.5147523480787743, -2.4038104026758007, -2.496676762823169, 97.48232629120383, -2.565345996900088, -2.2688002415529964]",10.0,0.0,0.0,730.0,2021-09-14 17:04:52.727574
72,72.0,2.0,2.517587959330109,"[-2.4744100599729983, -2.481606418943883, 97.55866917528195, 97.53779334152703, -2.535716910352333, 97.67180322661982, 97.50230817418955, 97.46828815426474, 97.5731264896518, -2.4381470229952873]",10.0,0.0,0.0,740.0,2021-09-14 17:04:53.551582
73,73.0,2.0,2.55076751784673,"[-2.376899488239789, 97.62563719866014, -2.3292639527722487, -2.35903701443843, -2.4902529278640193, 97.5891901213263, -2.5830921096371093, -2.479501809264476, -2.4150306208388184, -2.5314424358439402]",10.0,0.0,0.0,750.0,2021-09-14 17:04:54.378705
74,74.0,2.0,2.606509983901991,"[-2.468362185841647, -2.330161870648198, -2.62707061068204, -2.4821497847410003, -2.403894922278506, -2.348465256489316, 97.65826222848929, -2.590982013338044, -2.4977256263540197, -2.5715846454318907]",10.0,0.0,0.0,760.0,2021-09-14 17:04:55.221723
75,75.0,2.0,2.602327799132097,"[97.4155685930412, 97.4564325569024, -2.393916260904921, -2.5798838769236285, -2.5698318061472207, -2.4336643134175784, -2.272374259034052, -2.6024031878547205, -2.619276200832574, 97.59027612038787]",10.0,0.0,0.0,770.0,2021-09-14 17:04:56.093505
76,76.0,2.0,2.557264041668079,"[-2.5673011751781627, -2.3923969675432164, -2.4503698375332883, 97.62283813502779, 97.34833218626412, -2.5701928598349815, 97.34673748861287, -2.6079512603739556, -2.3493294834767697, -2.4236057862879954]",10.0,0.0,0.0,780.0,2021-09-14 17:04:56.918824
77,77.0,2.0,3.374840960292517,"[-2.4743782701933226, -2.5797417571332057, -2.635699514506656, -2.510352031758641, -3.3985259984961513, -2.3949142850415663, -3.1213745095496557, -2.44572688357183, -2.3112182387641997, -2.599112804864931]",10.0,0.0,0.0,790.0,2021-09-14 17:04:57.738103
78,78.0,2.0,8.676746509205463,"[-2.729184906359195, -3.100278341757562, 97.54639517937706, -2.2426081694754543, -2.581370499131514, -2.536361763027696, -2.625207825641392, 97.33159635110117, -2.4344760519419655, -2.9694632716801554]",10.0,1.0,0.0,800.0,2021-09-14 17:04:58.557988
79,79.0,2.0,2.7315658218147676,"[-2.906804692772311, -8.635107619743579, 97.65492380113558, -2.415497120706597, -8.588636528178554, 97.3885861736746, -2.865968924759051, -2.5058728618676924, -2.6325371315120503, -2.3119960127930965]",10.0,0.0,0.2,810.0,2021-09-14 17:04:59.391404
80,80.0,2.0,8.602636186375053,"[-8.624614642548453, -2.68553444139964, 97.33124176287758, 97.9930706951272, 97.64178609236168, 97.90597433890156, -3.355159573121175, -2.271648475879184, -2.862693026034074, -3.330925769264694]",10.0,1.0,0.1,820.0,2021-09-14 17:05:00.224121
81,81.0,2.0,8.615764730537999,"[-2.8841061476132195, -3.3169622510305663, -2.7453061899584976, -3.135295206111418, -2.948435934508403, -3.411345602714297, -2.009947721015276, -2.6662030192602257, -2.4485614978067813, -3.0613971973528775]",10.0,1.0,0.0,830.0,2021-09-14 17:05:01.055476
82,82.0,2.0,8.589777195204048,"[-2.856119603317199, -3.3634362431911056, -3.376938181242293, -8.61940924231086, -2.5647452906991606, -3.0247379706406625, -3.3744441273671875, -2.6716628361090886, -2.4314863483153615, -2.733364702407057]",10.0,1.0,0.1,840.0,2021-09-14 17:05:01.902784
83,83.0,2.0,2.7138507436735737,"[-3.3607270097951, -8.649813230179387, -2.8448828244194355, -2.586809418313783, -3.3550335803490245, -8.67306917296701, -8.615722257398263, -2.5665712930116995, -3.324956464581326, -3.2356879407604278]",10.0,0.0,0.3,850.0,2021-09-14 17:05:02.728018
84,84.0,2.0,3.0878908120668607,"[-3.3474155749681027, -3.2992116277185737, -2.5497764929274855, -3.4409389193872006, -2.9486051688855457, -2.4040702648983836, 97.72155843882466, -2.667435676155229, -2.8856466695695335, -2.4225869110760123]",10.0,0.0,0.0,860.0,2021-09-14 17:05:03.547251
85,85.0,2.0,8.638801403931122,"[-3.36200041383582, -2.8210580218736028, -2.3934452465935894, -8.656609983806026, -2.2623515197391466, -3.3893596201837273, -3.1538430077360755, -3.3838791700640747, -2.8906698374745567, -8.608092530710094]",10.0,1.0,0.2,870.0,2021-09-14 17:05:04.369262
86,86.0,2.0,8.606091522411642,"[-2.583403078922521, 97.4367755202628, -2.8315582985276833, -3.3907574246025063, -2.819365829920573, -3.0161326702551805, -3.3045890590418554, -2.8676208120589104, -2.6381684732715365, -3.1213760643693518]",10.0,1.0,0.0,880.0,2021-09-14 17:05:05.182872
87,87.0,2.0,8.619857231847174,"[-3.3908789542065123, -3.0542665114585574, -8.616808628837095, -2.7369219283720754, -2.661890666225901, -3.1870446181060963, -3.133084716068933, -2.751672512732757, -2.5774226597574765, -2.294921267672669]",10.0,1.0,0.1,890.0,2021-09-14 17:05:05.999201
88,88.0,2.0,8.624162976190034,"[-3.4075481064096493, -8.641704159618866, -3.2762315324514337, -2.568532064082601, -2.6254844419586223, -3.413714324222899, -3.3844272039294263, -8.616775942619505, -8.702176884866054, -3.3251701216173135]",10.0,1.0,0.3,900.0,2021-09-14 17:05:06.824878
89,89.0,2.0,8.60315785356857,"[-3.3852644176306708, 97.67383394917745, -3.012792192346171, -3.0503541181103326, -3.363364967662182, -2.6730064338177923, 97.80285683039281, -8.613087880037629, -8.651540318261816, -2.6533571853286673]",10.0,1.0,0.2,910.0,2021-09-14 17:05:07.680920
90,90.0,2.0,8.626160966474197,"[-8.677384846786332, -2.9827398234636306, -2.291344413916659, -3.416722345897913, -3.3298224493889124, -3.3241132206343242, -2.9718712198813577, 97.62528819305493, -8.60115858386219, -2.8786710295674753]",10.0,1.0,0.2,920.0,2021-09-14 17:05:08.521096
91,91.0,2.0,3.242824041627515,"[97.83457944448867, -2.8985601587253322, -8.61458873804078, -3.417938056281454, -8.663999971698868, -8.62482591568564, -8.673350657757304, -3.0362688375709768, -3.029242881689177, -8.612942020897941]",10.0,0.0,0.5,930.0,2021-09-14 17:05:09.347720
92,92.0,2.0,3.021907758812586,"[97.64797776623952, -2.342459360891113, -2.5952161803537632, 97.60939080855155, -3.1383749830869743, -3.0229545936588456, -2.917046882968098, -3.09221589237825, -2.955581664091004, -8.62530211579724]",10.0,0.0,0.1,940.0,2021-09-14 17:05:10.163992
93,93.0,2.0,8.618094974320961,"[-8.624808418137196, -3.3527377798231908, -8.624019271391816, -2.998680595742403, -2.99387286167837, -2.816146323297042, -8.633039723366398, -3.363769539451595, -3.3288529205140467, -8.641572870816352]",10.0,1.0,0.4,950.0,2021-09-14 17:05:10.991914
94,94.0,2.0,3.2475521080619876,"[-3.039336967459435, -3.3094681083080513, -2.5778992760755637, -2.8103133594092897, -3.3705458853731627, -3.3929123535422554, -3.4024594309139062, -8.586806276315642, -2.9719054648964023, -2.542756794582118]",10.0,0.0,0.1,960.0,2021-09-14 17:05:11.811376
95,95.0,2.0,3.2538620763844364,"[-3.266562822863907, -8.61772515438374, -8.63290751853466, -3.3200539685724793, -2.8245309743114793, -2.8169974086354514, -3.3786347196859117, -8.59729462638528, 97.36005467461585, -2.9963092909652054]",10.0,0.0,0.3,970.0,2021-09-14 17:05:12.632909
96,96.0,2.0,8.608434689081562,"[-8.607012701363955, -3.3822161462171128, -8.628323710389356, -8.607879498455928, -8.608960770996154, -3.2080647381988334, -3.4198801325323345, -2.9017502292233486, -8.600585755285259, -3.3640561321251]",10.0,1.0,0.5,980.0,2021-09-14 17:05:13.467432
97,97.0,2.0,8.613308393735748,"[-8.618256364806767, -8.615456934306103, -3.2978924969267225, -8.686214194281682, -3.3722061028058703, -3.390047459204303, -2.9939752134927176, -3.378010748007286, -3.3747922268292863, -3.3887042810009675]",10.0,1.0,0.3,990.0,2021-09-14 17:05:14.295689
98,98.0,2.0,8.608768973649012,"[-3.38353654899509, -3.3883663901738568, -8.610369255701322, -3.3309229830920777, -8.664223807303596, -8.613660122093405, -8.632970820519704, -3.3813968897448285, -3.361799531992102, -8.703397105841592]",10.0,1.0,0.5,1000.0,2021-09-14 17:05:15.130035
99,99.0,2.0,8.61938494601619,"[-3.416424627568363, -8.611596841413142, -3.3179551533294163, -2.997861955325797, -8.643490538750267, -8.607774707224802, -3.006980476844233, -3.426676153385586, -3.3900901602109106, -8.62865692389715]",10.0,1.0,0.4,1010.0,2021-09-14 17:05:15.963712
100,100.0,2.0,8.647612083079261,"[-8.634992503733834, -3.3210286880902458, -8.638089797449972, -8.657797190327296, -3.0811451851213616, -3.406910693045163, -3.3133573767559663, -8.627033912748324, -8.617838700382846, -3.3855329397262777]",10.0,1.0,0.5,1020.0,2021-09-14 17:05:16.797024
101,101.0,2.0,8.640903589616306,"[-8.642377060468771, -3.438673073590749, -8.62912096732466, -8.656738873683379, -3.3880896148014252, -3.4091300184242215, -3.0689058768354562, -8.614263311040785, -3.4226365778860672, -3.4024694580525026]",10.0,1.0,0.4,1030.0,2021-09-14 17:05:17.633566
102,102.0,2.0,8.650385295047938,"[-8.634841851644687, -3.406946265012324, -3.413526665652217, -3.3454192625720793, -8.619937929567623, -3.393833928647459, -8.644177560704916, -8.653126540579546, -3.406897355816893, -8.62276511332239]",10.0,1.0,0.5,1040.0,2021-09-14 17:05:18.464107
103,103.0,2.0,8.641241705814641,"[-3.416842017712773, -8.634787138648738, -8.624577626137397, -3.379005153512693, -8.652783063978154, -8.641797886346996, -3.0510949355500117, -3.331354041385415, -8.644256879154549, -3.224495140012938]",10.0,1.0,0.5,1050.0,2021-09-14 17:05:19.294192
104,104.0,2.0,3.307189101701146,"[-3.1877791143436793, -8.639338235685631, -8.681305904591568, -3.4165391954890967, -8.617315570375641, -8.64130071654335, -8.623691320841614, -3.148026720259239, -3.4058698962267426, -8.66188928420292]",10.0,0.0,0.6,1060.0,2021-09-14 17:05:20.120083
105,105.0,2.0,3.0985589989923645,"[-3.0566004786655245, -8.67213447514637, -3.2848400550773422, -3.10727248975178, -3.0552922507542277, -8.645313553838134, -3.342464108008739, -8.642007605119568, -3.4038294440521777, -3.407808575126039]",10.0,0.0,0.3,1070.0,2021-09-14 17:05:20.955656
106,106.0,2.0,3.3977626960196807,"[-3.2428209694476715, -3.1365336111364335, -8.61705656540019, -2.994585430365817, -8.615729885024852, -8.648256046387937, -2.8884317212235278, -3.146726502487062, -8.624007778867833, -3.4173672238437818]",10.0,0.0,0.4,1080.0,2021-09-14 17:05:21.787555
107,107.0,2.0,8.628840055006583,"[-8.68352594533567, -2.8847969820187207, -8.624305799882016, -8.639090066080344, -3.3624337030003475, -2.8986752089693577, 97.59690808909961, -8.63176306838496, -3.1147770331581857, -2.549559245565606]",10.0,1.0,0.4,1090.0,2021-09-14 17:05:22.623269
108,108.0,2.0,8.650605113139104,"[-8.623628062702949, -3.418628305274626, -3.0078287161962898, -3.432066928094251, -3.1140826919263107, -8.615324093850267, -8.608469451713638, -8.620700496105727, -8.634419887510939, -3.4408259380798256]",10.0,1.0,0.5,1100.0,2021-09-14 17:05:23.469156
109,109.0,2.0,8.618709686713046,"[-2.6227376647936906, 97.48092590008098, 97.40381957854089, -8.63020633148619, 97.47335215803126, -3.395226968517355, -8.627257537830342, -8.621183799384218, -8.638017594835079, -8.617655680107628]",10.0,1.0,0.5,1110.0,2021-09-14 17:05:24.314808
110,110.0,2.0,8.641401528413427,"[-3.3917629145593775, -3.429264312525971, -3.406791361528897, -3.1263093095997454, -3.357507480080276, -8.610790251626538, -8.650535769476908, -3.37889326979899, -8.643631935215591, -8.63135973986098]",10.0,1.0,0.4,1120.0,2021-09-14 17:05:25.158367
111,111.0,2.0,8.64327915703698,"[-3.303133733994222, -3.3604287094208702, -3.4345642636388285, -8.629299734933552, -3.429322259063419, -8.620792613481202, -3.404421220684979, -3.421675155595662, -3.474398758492587, -8.628000458238109]",10.0,1.0,0.3,1130.0,2021-09-14 17:05:25.999963
112,112.0,2.0,8.630849692236097,"[-3.019448236143464, -8.62101366210328, -8.624121707692884, -3.3548630311254892, -3.393942622692597, -3.3321004027526726, -3.4314459410673517, -8.660891923835589, -3.1933412335598432, -8.646453746329769]",10.0,1.0,0.4,1140.0,2021-09-14 17:05:26.840028
113,113.0,2.0,8.63856692593914,"[-3.441462639284311, -8.656108814139506, -3.390750679368593, -3.434547685641601, -3.42982957675233, -3.453338257384757, -2.859244829047335, -3.4488946318191314, -3.088638111437204, -3.6134453751107327]",10.0,1.0,0.1,1150.0,2021-09-14 17:05:27.682035
114,114.0,2.0,8.652225141575464,"[-8.647376987619126, -8.658508649092134, -8.656158903835946, -3.4085348150318393, -8.653085079050484, -8.65570816769173, -3.3887894845109128, -8.65832843034271, -8.633370262829938, -3.318476507339122]",10.0,1.0,0.7,1160.0,2021-09-14 17:05:28.532337
115,115.0,2.0,8.616121516544027,"[-8.624609771741229, -8.654870138924116, -8.645445616744146, -3.6404688161566843, -8.649082702989729, -8.664738867753842, -8.632103265967674, -3.406555798968592, -8.653047972066444, -2.9816479600418235]",10.0,1.0,0.7,1170.0,2021-09-14 17:05:29.387855
116,116.0,2.0,8.669025064446739,"[-3.478304385982087, -2.4934403909400724, -3.390604929034677, -8.65864190970171, -8.620294073254042, -8.610197770734118, -3.241561871024821, -8.617085100535242, -3.3868380524241166, -2.9897224255360206]",10.0,1.0,0.4,1180.0,2021-09-14 17:05:30.235188
117,117.0,2.0,8.648948883979786,"[-8.627538360671508, -3.1214575218773, -8.655114300803017, -8.613429422405908, -8.62861089387378, -8.632786083770288, -3.3980922099598483, -8.65264199629044, -8.637997641911893, -8.613669075179319]",10.0,1.0,0.8,1190.0,2021-09-14 17:05:31.090415
118,118.0,2.0,8.656340359006107,"[-8.677531734568014, -8.62899745877513, -3.4122891697879605, -8.654341209254003, -3.1684182237381684, -3.4141179273969042, -8.633143518355418, -8.67159784729481, -3.089057985902743, -8.643165734145587]",10.0,1.0,0.6,1200.0,2021-09-14 17:05:31.932060
119,119.0,2.0,8.642490702923133,"[-8.64001888246822, -3.460500945122193, -8.649746657805693, -8.62510941657654, -8.618467556280146, -8.625576082022258, -8.629451610927253, -3.063705786283367, -8.633078590349456, -3.2899709810528095]",10.0,1.0,0.7,1210.0,2021-09-14 17:05:32.781544
120,120.0,2.0,8.636291463470076,"[-3.4562832672307886, -8.64976251811711, -8.629985585842588, -8.613410288824562, -8.644183538780066, -8.636474870035254, -3.4240143991535112, -8.659945983449937, -8.671177951721281, -8.627654274988931]",10.0,1.0,0.8,1220.0,2021-09-14 17:05:33.636614
121,121.0,2.0,8.62554835635973,"[-8.631823449223818, -8.64457489862467, -3.3461676733421, -8.6174151989242, -8.649825491767166, -8.650960772460698, -3.434573470109896, -3.293296362037961, -8.653543011803315, -8.67165609191532]",10.0,1.0,0.7,1230.0,2021-09-14 17:05:34.487886
122,122.0,2.0,8.64057527792042,"[-8.652870593594095, -8.63968403636587, -8.631204273739252, -8.622993229203065, -8.643374142427596, -8.618287389115393, -8.641872821400039, -8.661193500612848, -8.634320099658014, -8.6334380238479]",10.0,1.0,1.0,1240.0,2021-09-14 17:05:35.342968
123,123.0,2.0,8.648112646449636,"[-8.66393166819165, -8.649833141788678, -8.65919143575315, -8.666619532207184, -8.632482647918303, -8.64131993398855, -8.690696011542107, -3.412677562139981, -8.730628074812367, -3.4364287894728918]",10.0,1.0,0.8,1250.0,2021-09-14 17:05:36.194763
124,124.0,2.0,8.635124807096094,"[-3.4247040996876863, -8.61965738038785, -8.65680326422578, -3.4213596474136363, -8.619942159132085, -8.651879716291003, -8.621933898816001, -8.67391684835185, -8.63879125014695, -3.404101351807121]",10.0,1.0,0.7,1260.0,2021-09-14 17:05:37.041595
125,125.0,2.0,8.658787830797857,"[-8.643350445537562, -8.632582859503733, -3.417024692571337, -3.4169573449339183, -8.654881157390525, -8.647291159540213, -8.651647947562337, -8.626077594493603, -3.4696245750728214, -8.630248153088687]",10.0,1.0,0.7,1270.0,2021-09-14 17:05:37.894246
126,126.0,2.0,8.630798862060878,"[-8.634157102543309, -3.427613530097917, -8.651738006831618, -3.4273509850733883, -8.636045621891078, -3.426523858420931, -8.648626686709862, 97.52081428795726, -3.3408901404959486, -8.649243629057871]",10.0,1.0,0.5,1280.0,2021-09-14 17:05:38.737669
127,127.0,2.0,8.646144715815673,"[-8.635622940139918, -8.648686605696872, -8.651591535020945, -3.409406444097284, -8.666960246880906, -8.620543979936, -8.664423911716701, -3.416695630224525, -3.407501146308099, -2.978340955100178]",10.0,1.0,0.6,1290.0,2021-09-14 17:05:39.578758
128,128.0,2.0,8.64822124866684,"[-3.4283552189223716, -3.4829784229800334, -8.644489670331211, -3.41992982818917, -3.4631041579854083, 97.65996194032726, -3.393674669109229, -8.629786600237644, -3.4178146816130686, -8.654286775697344]",10.0,1.0,0.3,1300.0,2021-09-14 17:05:40.421867
129,129.0,2.0,8.645084508359716,"[-8.645845513604042, -3.4367981518966455, -3.4341063010419353, -8.656416783998258, -3.417682931177004, -3.436546611320083, -3.420895154602959, -2.7313139874520176, 97.30670644182804, -3.3868386589839146]",10.0,1.0,0.2,1310.0,2021-09-14 17:05:41.255798
130,130.0,2.0,8.623079667741099,"[-3.4290333920688796, 97.1288539837499, -3.4424409531907156, -3.323629683478468, -3.4428678279030676, -2.7047274027548243, 97.39873795864969, -8.68812800115944, -8.645375116094353, -8.629094220958846]",10.0,1.0,0.3,1320.0,2021-09-14 17:05:42.093894
131,131.0,2.0,8.652257855038343,"[97.29084254075562, 97.25662443862271, -8.637432300937103, -3.4218890805196756, -3.3097309040379823, -8.641892953098633, -8.639853346630133, -8.638800642182527, -8.652601704856625, -3.423820399527978]",10.0,1.0,0.5,1330.0,2021-09-14 17:05:42.936987
132,132.0,2.0,8.629256404857943,"[-8.647901116866741, -8.644648319882677, -8.640233563186115, -8.629430828159851, -8.646065832323183, -8.62535707992216, -3.4428271996300324, -3.4260390390704307, -8.65347577613125, -8.67576434729522]",10.0,1.0,0.8,1340.0,2021-09-14 17:05:43.791263
133,133.0,2.0,8.631202212850411,"[-8.71196998713334, -3.4468094419384414, -3.5418871949879236, -3.4372102603951635, -8.641298874944967, -3.4298484222401453, -8.651762105371208, -3.4261859617488626, -8.669764760853742, -8.641560371765756]",10.0,1.0,0.5,1350.0,2021-09-14 17:05:44.640637
134,134.0,2.0,8.64461846285393,"[-8.652422274673073, -3.4246856682260876, -8.645816169723988, -8.630244218295672, -8.652433436247629, -3.4115634828511774, -8.623191751434641, -8.634053916660658, -8.633667507506063, -8.613838711914694]",10.0,1.0,0.8,1360.0,2021-09-14 17:05:45.496388
135,135.0,2.0,8.652618697760849,"[-8.645801387242338, -3.428501022928169, -8.634944009616552, -8.635988198288217, -3.4280438148165793, -8.622204228084826, -8.633061430612488, -8.639962845362529, -8.62666570531274, -8.656299715350277]",10.0,1.0,0.8,1370.0,2021-09-14 17:05:46.344833
136,136.0,2.0,8.631782042867178,"[-8.64136200577205, -3.42293097566727, -3.419591533520945, -8.639857446980951, -8.6346963722699, -8.643826858227039, -8.65571944446818, -8.646225951808535, -8.639923549767015, -3.58348711794691]",10.0,1.0,0.7,1380.0,2021-09-14 17:05:47.196002
137,137.0,2.0,8.65207796283359,"[-8.665316891727187, -8.65497968248344, -8.618916234995943, -8.642037231188123, -8.646257844883188, -8.6542106274156, -8.731006937840297, -8.6912477305349, -8.649994475424904, -3.435403649713158]",10.0,1.0,0.9,1390.0,2021-09-14 17:05:48.056466
138,138.0,2.0,8.661936084148115,"[-8.72591841771111, -8.647407592825637, -8.652285670596847, -8.653554787708932, -8.66007694601528, -8.64483372532404, -3.4142140197585165, -8.643833864058621, -8.660408519970776, -8.650815012900688]",10.0,1.0,0.9,1400.0,2021-09-14 17:05:48.915212
139,139.0,2.0,8.665017594876815,"[-3.4377864370910047, -3.4311743782056516, -8.679442014954539, -3.4258084220868117, -8.676425563740802, -8.646533018234697, -8.649698357097254, -3.4387913795215814, -8.653198499521524, -3.4181529902031733]",10.0,1.0,0.5,1410.0,2021-09-14 17:05:49.761295
140,140.0,2.0,8.654525328770575,"[-8.631447500891566, -3.4151860949587753, -8.650813736699194, -3.459767226862144, -8.725909663396378, -3.4299479649372806, -3.423926872207978, -8.705051318051892, -8.647166693802353, -8.65308351564565]",10.0,1.0,0.6,1420.0,2021-09-14 17:05:50.611267
141,141.0,2.0,8.662626604936385,"[-3.436868777959423, -8.655074896819414, -8.70626955448234, -3.431658430181877, 97.27781616158174, -8.647150787491983, -8.632631178519322, -3.420112229074607, -8.648774239144581, -8.637696274864934]",10.0,1.0,0.6,1430.0,2021-09-14 17:05:51.460080
142,142.0,2.0,8.651451064514077,"[-8.65384642497982, -8.645854967537037, -8.655926788387461, -3.442933129610753, -3.457761353395714, -8.635781769588363, -3.4323635652835316, -3.4232106531827844, -3.4394095605737145, -3.461152253402058]",10.0,1.0,0.4,1440.0,2021-09-14 17:05:52.313996
143,143.0,2.0,8.657815420878979,"[-8.65096334311997, -8.646082651302779, -8.646583110653799, -8.657302978361704, -8.627587193342324, -3.43000120672604, -8.664225466251532, -8.717954028672903, -8.654145167841365, -8.64985810417131]",10.0,1.0,0.9,1450.0,2021-09-14 17:05:53.172876
144,144.0,2.0,8.653490303223137,"[-3.4485250948325716, -3.4189783929831212, -3.4479598130480387, -8.713649452206804, -3.4635492331579774, -8.64155213738877, -8.652982745677303, -3.44674938724647, -8.65415190674431, -8.646775194175241]",10.0,1.0,0.5,1460.0,2021-09-14 17:05:54.027261
145,145.0,2.0,8.6964334328182,"[-8.68137230566399, -8.705663118659077, -8.702657773807475, -8.637746730571823, -8.727931278741412, -8.635007533448562, -3.471809315716915, -8.66556848837091, -8.648465017378594, -8.64209502347753]",10.0,1.0,0.9,1470.0,2021-09-14 17:05:54.885525
146,146.0,2.0,8.652183052022869,"[-3.4140254666898184, -8.638823037859176, -3.439539057482063, -3.4558864001780742, -8.650598345345584, -3.4576150495873588, -3.4184614503909745, -8.650241773470691, -8.679985156330815, -3.526024529008417]",10.0,1.0,0.4,1480.0,2021-09-14 17:05:55.738085
147,147.0,2.0,8.653338412225636,"[-8.647461268070508, -3.4114295654157862, -8.65281335707702, -8.644434677960518, -8.646372560163195, -8.651423008003775, -8.647674298674533, -8.649038339294597, -8.630474257732155, -8.651411518769704]",10.0,1.0,0.9,1490.0,2021-09-14 17:05:56.598258
148,148.0,2.0,8.651692855768312,"[-3.4537432876967866, -8.646946237621197, -8.645477323460964, -8.6649725101985, -3.4369635909896936, -8.646221192987749, -8.660907121836551, -3.4588321261216364, -8.65130322426643, -8.64382669582488]",10.0,1.0,0.7,1500.0,2021-09-14 17:05:57.455254
149,149.0,2.0,8.632621675744847,"[-3.4364826628010583, -3.435059757986994, -8.654882551264041, -8.64948154428527, -8.630944993671399, -3.429519050430439, -3.40906334229834, -8.662926094377104, -3.4195018197141116, -8.65240579622993]",10.0,1.0,0.5,1510.0,2021-09-14 17:05:58.305489
150,150.0,2.0,8.651289918663947,"[-8.659311167925626, -8.650291625801588, -8.650798525057452, -8.72599160422899, -8.645510186403257, -8.619141288674804, -8.623275491849462, -3.4490658244191157, -8.649420714208356, -8.63403693046615]",10.0,1.0,0.9,1520.0,2021-09-14 17:05:59.173511
151,151.0,2.0,8.65211297484985,"[-8.654597069521712, -8.649831470942036, -8.697617627482426, -8.648746949944195, -3.4925277792538827, -8.650544189763346, -8.643154225897783, -8.701011626935303, -8.62952793223025, -8.641241680727767]",10.0,1.0,0.9,1530.0,2021-09-14 17:06:00.034590
152,152.0,2.0,8.68409141813128,"[-8.653753200137496, -8.655723741030537, -8.6996707062479, -3.4503493734221267, -8.651646806598293, -3.424273342834653, -8.65443326796279, -8.73001381645694, -8.648151513302679, -8.690521689173607]",10.0,1.0,0.8,1540.0,2021-09-14 17:06:00.893039
153,153.0,2.0,8.70110063224085,"[-8.717071451742207, -8.66361206692621, -8.658990183390681, -8.687022860280335, -8.647881316225085, -8.689430423503659, -8.715793536817666, -3.4596530531962664, -3.4472235364767942, -3.4416591086646235]",10.0,1.0,0.7,1550.0,2021-09-14 17:06:01.746609
154,154.0,2.0,8.707896555143432,"[-8.691160312957154, -8.654350052594642, -8.68745230614275, -8.698536994151352, -8.655790048261123, -3.4295064149698846, -8.651019072289346, -8.697082363688079, -8.654781383337783, -8.650415594612802]",10.0,1.0,0.9,1560.0,2021-09-14 17:06:02.606859
155,155.0,2.0,8.654356643287963,"[-3.443619862606614, -8.65149046725041, -8.646129325625699, -8.653488938894142, -3.455045699876328, -8.651883300064508, -8.649303123626538, -8.6516645873337, -3.4227182652284633, -3.451351712478609]",10.0,1.0,0.6,1570.0,2021-09-14 17:06:03.461261
156,156.0,2.0,8.656030510119125,"[-8.659485474779828, -8.650437443590262, -8.647812593157834, -8.657264487183129, -8.64225426047909, -8.653011528246402, -8.653300578963337, -8.648855318680342, -8.656369115071241, -8.64031668506829]",10.0,1.0,1.0,1580.0,2021-09-14 17:06:04.330733
157,157.0,2.0,8.662493262869488,"[-8.648029343968789, -8.640993531928425, -8.651241187087813, -8.68442141464777, -8.643298116226333, -3.499051482997431, -3.448478754608893, -8.652838568701315, -8.645814124515798, -8.646942669641842]",10.0,1.0,0.8,1590.0,2021-09-14 17:06:05.193717
158,158.0,2.0,8.652801368753666,"[-3.4178054293875904, -8.651863771661233, -8.658335207531502, -8.65070421879756, -3.460300256880113, -8.648230370260782, -8.649638873969087, -8.6496930638558, -8.651032004757347, -3.4300405352469165]",10.0,1.0,0.7,1600.0,2021-09-14 17:06:06.055151
159,159.0,2.0,8.645328154281806,"[-8.657999650187273, -3.539495328065938, -8.669160750509691, -8.647911170235247, -8.635598671404967, -3.4261560417501014, -3.4505836838655903, -3.4620780019681106, -8.651848127789487, -3.476292482310693]",10.0,1.0,0.5,1610.0,2021-09-14 17:06:06.911306
160,160.0,2.0,8.650705806128341,"[-8.634124714894023, -8.654656344801856, -8.654444908398276, -8.656260691135822, -8.654991534621328, -8.695885111176542, -8.65968429223553, -8.63866458613244, -3.417039220849623, -8.64779978334387]",10.0,1.0,0.9,1620.0,2021-09-14 17:06:07.776955
161,161.0,2.0,8.665476747556907,"[-8.647753030085019, -3.4460219846544886, -8.65342417958629, -8.709919105590082, -8.666107187006045, -8.713969776253975, -8.710702874777608, -8.653643570350386, -8.652527188154151, -8.655839541957894]",10.0,1.0,0.9,1630.0,2021-09-14 17:06:08.634825
162,162.0,2.0,8.717941372073389,"[-8.702835010376385, -8.700770817564525, -3.4255504573368456, -8.687762982258114, -3.42234310278858, -8.728256350768326, -3.562002033693071, -8.629035493184494, -8.651048606098097, -8.653142283918735]",10.0,1.0,0.7,1640.0,2021-09-14 17:06:09.537334
163,163.0,2.0,8.69819484421261,"[-3.439294596496887, -3.4600191325573944, -3.4308287405244027, -3.4302928994755177, -8.70797411769529, -8.682409489494498, -8.640068373106839, -3.4550083590948173, -8.652837344732857, -8.650245786183353]",10.0,1.0,0.5,1650.0,2021-09-14 17:06:10.396107
164,164.0,2.0,8.663085220694946,"[-8.685624934712846, -8.65904627649174, -8.649660796680548, -8.660574986318133, -3.453322696585243, -8.686865598235725, -8.729741214666989, -8.64343870639932, -3.449471272149687, -3.4553886294012837]",10.0,1.0,0.7,1660.0,2021-09-14 17:06:11.258954
165,165.0,2.0,8.668683544922647,"[-3.415750996544978, -3.4521336730771397, -3.5069894722324624, -8.649374933482532, -8.64691099788271, -8.678617967187792, -8.644911134462657, -3.458235111141973, -3.55405311436857, -8.653509140730375]",10.0,1.0,0.5,1670.0,2021-09-14 17:06:12.123182
166,166.0,2.0,8.689944285154798,"[-8.660638218701726, -3.446395106747302, -8.711544189507324, -8.661987104215754, -8.651727486368447, -8.665266711677797, -8.648393926988536, -8.648341388890874, -8.682163151789279, -8.659714127535993]",10.0,1.0,0.9,1680.0,2021-09-14 17:06:12.986513
167,167.0,2.0,8.654664675653109,"[-3.420078894693117, -8.655037695217676, -3.4607560441780274, -8.644636851052692, -8.676116220942319, -8.652862823552917, -3.5122669106459887, -3.4437512260553103, -3.4418580754449764, -8.652054664542652]",10.0,1.0,0.5,1690.0,2021-09-14 17:06:13.841945
168,168.0,2.0,8.662743220406375,"[-8.649339978039283, -8.65086923557874, -8.652166336759896, -8.711596468823258, -8.658335948528489, -8.644093671325592, -3.4499756442880334, -8.650746801702942, -8.653651148101444, -8.653113865979003]",10.0,1.0,0.9,1700.0,2021-09-14 17:06:14.707335
169,169.0,2.0,8.732226072813564,"[-3.4531737366557698, -8.65031038124543, -8.674654608552116, -8.707139046223137, -8.653293692270578, -3.461262675903432, -8.662530405090267, -3.448807412375879, -8.655954662857644, -8.695142334083299]",10.0,1.0,0.7,1710.0,2021-09-14 17:06:15.566341
170,170.0,2.0,8.698714710620935,"[-3.4548220492324444, -8.682543660073566, -8.650122434321197, -8.65623337553601, -8.655107097108711, -8.654582402038105, -8.719241892451736, -3.42232731745011, -3.43042925071872, -8.66269821765518]",10.0,1.0,0.7,1720.0,2021-09-14 17:06:16.422606
171,171.0,2.0,8.680813159573344,"[-8.657404316771947, -8.658562815419033, -8.664839260967469, -3.4430494929773205, -3.4469136560491207, -3.4444123280801193, -8.655799642769523, -3.4595961295817452, -8.726541026736529, -8.726085225356968]",10.0,1.0,0.6,1730.0,2021-09-14 17:06:17.311243
172,172.0,2.0,8.682058767973297,"[-8.654995520486935, -8.658311285403727, -3.4453987835512665, -3.43478994416444, -8.678691652964764, -8.71291350117657, -8.655459303778743, -3.428231579177942, -3.461793500350421, -8.674915541459832]",10.0,1.0,0.6,1740.0,2021-09-14 17:06:18.169560
173,173.0,2.0,8.656890426558462,"[-8.65004560327888, -8.658680956730464, -3.441535020152195, -8.645891256911346, -3.4631637471622616, -3.4608548399835746, -3.45586181743431, -3.446283603659106, -8.657133312809542, -3.426966688773131]",10.0,1.0,0.4,1750.0,2021-09-14 17:06:19.036786
174,174.0,2.0,8.661502337044135,"[-8.675218058467896, -8.661998275355607, -8.70733300920426, -8.668897524726107, -8.635345595642589, -8.710905429609085, -8.654426614885649, -3.4606350697190105, -8.655400225812855, -8.707156807782782]",10.0,1.0,0.9,1760.0,2021-09-14 17:06:19.899985
175,175.0,2.0,8.730543689969407,"[-3.4621253608786158, -8.646491913500464, -8.725222217794371, -8.653042283506304, -8.666827297115013, -8.654145260521862, -8.649412012700754, -8.662023526184921, -3.491454908067642, -8.662794097925618]",10.0,1.0,0.8,1770.0,2021-09-14 17:06:20.763225
176,176.0,2.0,8.668233456368267,"[-8.670117379724319, -8.64778254367972, -8.660608555109878, -8.695046582859908, -3.5453697577317396, -8.663755492915705, -3.5640687224820793, -3.4626960364005313, -8.645279972071233, -3.4448829771646663]",10.0,1.0,0.6,1780.0,2021-09-14 17:06:21.624172
177,177.0,2.0,8.70295560629961,"[-8.691427895338135, -8.694327038587074, -8.677293354471749, -8.649955985003324, -8.658689651593596, -8.6390936233864, -8.65231626287289, -8.665688860205062, -8.651713681168573, -8.655456097627997]",10.0,1.0,1.0,1790.0,2021-09-14 17:06:22.490533
178,178.0,2.0,8.718523370556397,"[-8.685722137265673, -8.662416369886763, -3.437170157302777, -8.662272855649599, -8.69727568011804, -3.4551651068521223, -3.499901074782097, -3.4444271564391253, -8.661623758654837, -8.732290033939005]",10.0,1.0,0.6,1800.0,2021-09-14 17:06:23.384283
179,179.0,2.0,8.66854717850526,"[-3.4873987424760036, -8.661427518612483, -3.4625710921869586, -8.651983708069263, -8.665447674349005, -8.661715826329559, -3.4530581210557165, -8.71635014139118, -8.653553728999226, -8.684449791971717]",10.0,1.0,0.7,1810.0,2021-09-14 17:06:24.245019
180,180.0,2.0,8.69288128682407,"[-8.700623045093083, -8.672279766273272, -3.4470211479548567, -3.45566654433126, -8.663063324206094, -3.4348085632113903, -8.64438593265597, -8.704299404376565, -8.654885514328306, -8.658177908829366]",10.0,1.0,0.7,1820.0,2021-09-14 17:06:25.103978
181,181.0,2.0,3.459441216480119,"[-8.724984451219656, -8.66479980967565, -8.651659011750452, -3.443555823125398, -8.70016755441575, -8.723411845211157, -8.73119999436067, -8.71491273427132, -8.651098553856862, -8.644080062976908]",10.0,0.0,0.9,1830.0,2021-09-14 17:06:25.965844
182,182.0,2.0,8.708042009467194,"[-3.4655839541822533, -8.651790712487102, -8.685262304523947, -8.686478595092437, -3.453590660978743, -3.440064671395683, -8.721296458820783, -8.65114488148117, -3.4655340214550447, -3.443435759254457]",10.0,1.0,0.5,1840.0,2021-09-14 17:06:26.817133
183,183.0,2.0,8.709929267304126,"[-8.656391917867111, -3.438044292597614, -8.661396403923336, -8.698081854026611, -8.732267971700292, -8.696086054611323, -8.726675152062834, -3.4691405324046376, -3.4649596086133356, -3.5212281116564292]",10.0,1.0,0.6,1850.0,2021-09-14 17:06:27.722387
184,184.0,2.0,8.708358075078053,"[-3.448896657065603, -3.460843295807893, -3.48154390900028, -8.658639241763352, -8.72109598141366, -8.662632963318691, -8.719307247576918, -8.674815342157672, -8.65548628561478, -8.658051963968665]",10.0,1.0,0.7,1860.0,2021-09-14 17:06:28.585355
185,185.0,2.0,8.712333654272088,"[-8.6756951329067, -8.65391557019782, -8.69420480289626, -3.444172880158103, -3.429927022946228, -3.623105365357335, -3.466347239341977, -3.4373047664070966, -3.4565362661305286, -8.691196912760008]",10.0,1.0,0.4,1870.0,2021-09-14 17:06:29.442520
186,186.0,2.0,8.690109125645519,"[-8.653241690183219, -8.705184597779672, -8.694617190375531, -3.4371601063740185, -8.661097445740857, -8.712506386770897, -8.6886332180622, -8.655353456467472, -3.449390035988138, -3.461340963625152]",10.0,1.0,0.7,1880.0,2021-09-14 17:06:30.302574
187,187.0,2.0,8.719011250517166,"[-8.644756606393143, -8.687733241686175, -3.45698026085898, -8.66582006246924, -8.658327212710743, -3.4612550210405857, -8.660858689768192, -8.730736815073323, -8.657312741814351, -3.448362585506609]",10.0,1.0,0.7,1890.0,2021-09-14 17:06:31.188084
188,188.0,2.0,8.725975767074328,"[-8.661497990668689, -3.459190498605902, -8.65586984023075, -8.653123686859724, -3.465909122206816, -8.667925506607997, -8.718380737560391, -8.658630089962527, -8.728555861351474, -8.651115117150471]",10.0,1.0,0.8,1900.0,2021-09-14 17:06:32.042726
189,189.0,2.0,8.66337164903872,"[-8.660454888590019, -8.657496096195933, -3.5121704201232387, -8.648587701476146, -8.651847384267459, -8.649755543316303, -8.652743518832658, -3.454492296152451, -8.661482031574232, -8.647954890204]",10.0,1.0,0.8,1910.0,2021-09-14 17:06:32.914898
190,190.0,2.0,8.688612636618332,"[-8.655466614043652, -8.661927391076087, -8.71289388960794, -8.66250005554819, -8.64647780325826, -8.639236274269384, -8.655746367716485, -8.66170451757468, -8.695712340915387, -8.731999658246842]",10.0,1.0,1.0,1920.0,2021-09-14 17:06:33.775483
191,191.0,2.0,8.714582562388454,"[-8.729465320286295, -3.462907080966998, -8.696540030810336, -8.653755972993022, -8.678209015804411, -3.4553995310002077, -8.6630337636235, -8.659764948533596, -8.667045512108396, -8.660300554447034]",10.0,1.0,0.8,1930.0,2021-09-14 17:06:34.640462
192,192.0,2.0,8.682806547411419,"[-8.70448963659549, -3.546707335687317, -3.4297623284488647, -3.4534247283031734, -8.71151849131931, -8.704075762393815, -8.70061633046496, -8.703869635953836, -8.728515591882134, -8.653661666658891]",10.0,1.0,0.7,1940.0,2021-09-14 17:06:35.503120
193,193.0,2.0,8.69744738518918,"[-8.686479234523519, -8.71806823365794, -8.6610633525788, -8.651428749307403, -3.449085281758227, -8.64405317881268, -3.4615036487947908, -8.64846241601255, -3.4608194538507218, -3.450011588722274]",10.0,1.0,0.6,1950.0,2021-09-14 17:06:36.366620
194,194.0,2.0,8.652534173456955,"[-3.454488311255207, -8.659296636505301, -8.71898021969706, -8.656308657947585, -8.661961574632816, -8.716304851936721, -8.664640558224834, -3.5642775771788093, -8.719864872935085, -3.4547915125874273]",10.0,1.0,0.7,1960.0,2021-09-14 17:06:37.227727
195,195.0,2.0,8.661476598797359,"[-8.647735364937708, -8.660637792286003, -3.452901988367943, -3.462555280599225, -8.710655722926782, -8.717727459731517, -3.5341323658463524, -8.652356180318966, -8.687598503210419, -8.659793712830288]",10.0,1.0,0.7,1970.0,2021-09-14 17:06:38.091982
196,196.0,2.0,8.66349307899361,"[-8.665117626616885, -8.703372074645436, -8.676139020430023, -3.4415654547965895, -8.657269526863534, -3.5119881477177257, -8.65617864412785, -8.728529701334043, -3.4474795118047448, -8.674573282178855]",10.0,1.0,0.7,1980.0,2021-09-14 17:06:38.955103
197,197.0,2.0,3.5573388538102835,"[-8.696883986113955, -8.662133107417006, -8.661435057214112, -8.658995606521264, -3.440780019839699, -8.730444477291726, -8.724703433034838, -8.726089979509, -8.703649285953343, -8.685723022798706]",10.0,0.0,0.9,1990.0,2021-09-14 17:06:39.817135
198,198.0,2.0,8.662243041037685,"[-3.4486423530447072, -3.4587724306683274, -8.696609450014773, -8.693609618524738, -8.709359746389154, -8.65541331173659, -3.5186905451818364, -8.719070120415015, -8.67186195758239, -8.686020585184801]",10.0,1.0,0.7,2000.0,2021-09-14 17:06:40.689349
199,199.0,2.0,8.699570369287407,"[-8.656691333099127, -8.65337683603821, -8.661479802839974, -8.72016168845102, -8.648982003773035, -8.658150748417954, -8.720548588663577, -8.674613386417505, -8.659815470563913, -8.71419515428603]",10.0,1.0,1.0,2010.0,2021-09-14 17:06:41.552900
200,200.0,2.0,8.657960459015335,"[-8.711760869978708, -3.4565958192705413, -3.4580759820778115, -3.5350909617625765, -8.636781678091525, -3.4622966806112014, -3.4467730664765885, -8.658679579807949, -8.671006281662095, -8.706019449993951]",10.0,1.0,0.5,2020.0,2021-09-14 17:06:42.415244
201,201.0,2.0,3.4934408899867218,"[-8.650539880878421, -8.648916051165838, -8.651957375111563, -8.712665021400964, -8.642469446374733, -8.674189302712966, -8.714127075845612, -8.664609877523269, -8.661535133202213, -8.699067515257267]",10.0,0.0,1.0,2030.0,2021-09-14 17:06:43.292732
202,202.0,2.0,8.729392947599013,"[-8.712919701989716, -8.6522792317755, -3.457601673949321, -8.709668074064226, -8.692656602282332, -3.4568577592064016, -3.4547271732094322, -8.72229558452405, -8.685028538668442, -8.722189911386751]",10.0,1.0,0.7,2040.0,2021-09-14 17:06:44.164350
203,203.0,2.0,8.664165526396287,"[-8.711294357307661, -8.680362675351185, -3.4515335178385995, -3.4550358745806555, -8.720753789771338, -8.717132240054076, -8.681503888797689, -8.65980537138501, -8.69770014585078, -8.690793967333404]",10.0,1.0,0.8,2050.0,2021-09-14 17:06:45.028737
204,204.0,2.0,8.723894979147559,"[-8.721162306766258, -8.674590148324862, -8.709241318037105, -3.4717700256985067, -3.5450119150949453, -8.656234570536249, -8.72808711968445, -8.662045114632889, -8.705658112365548, -8.686963536566935]",10.0,1.0,0.8,2060.0,2021-09-14 17:06:45.904513
205,205.0,2.0,8.6898072324266,"[-3.435964661532099, -8.647291275193945, -3.4559102299823747, -8.721381709148403, -8.654196920856393, -8.719744440577113, -8.703283334759629, -8.730047768158961, -8.67592276764399, -8.649756352492865]",10.0,1.0,0.8,2070.0,2021-09-14 17:06:46.764112
206,206.0,2.0,8.70507415471102,"[-3.463581088486514, -8.707013368233113, -8.658422580668786, -8.713177997206648, -8.692781994449136, -8.716431557350731, -8.661352954983744, -8.703839217985784, -8.7090132286801, -8.700968014570394]",10.0,1.0,0.9,2080.0,2021-09-14 17:06:47.641230
207,207.0,2.0,3.531296094486113,"[-8.687753283280223, -3.525632570768362, -8.710066736670901, -8.660831966826883, -8.670034665252638, -8.66266261393673, -8.656131688690607, -8.697787150140389, -8.723876405287923, -8.670324110275672]",10.0,0.0,0.9,2090.0,2021-09-14 17:06:48.547398
208,208.0,2.0,3.571793133899177,"[-3.4507585507722345, -8.719974941274417, -3.457700654252163, -8.703585534181038, -8.658882618507896, -8.655669802084812, -8.724748676690936, -3.459596025001867, -8.661262816362576, -3.4604066752005513]",10.0,0.0,0.6,2100.0,2021-09-14 17:06:49.415401
209,209.0,2.0,8.731975130273595,"[-8.729178852306573, -3.460517280590985, -8.695873151414798, -8.657926882301231, -8.709005328735923, -8.65703227635493, -8.664592622122647, -8.694313725864452, -8.660323354746112, -8.72497279031458]",10.0,1.0,0.9,2110.0,2021-09-14 17:06:50.336955
210,210.0,2.0,8.72788737327175,"[-3.507045810482257, -8.639217154455558, -8.712571466208853, -8.662403820771331, -8.653715784261276, -8.657570501694009, -8.658797248456834, -3.445680161332095, -8.682070885947857, -8.711087464454417]",10.0,1.0,0.8,2120.0,2021-09-14 17:06:51.251631
211,211.0,2.0,8.653243135631762,"[-8.683980611466422, -8.653992662829246, -8.661849505486364, -8.651152257474712, -8.69907633613807, -8.648907072364466, -8.695096546263976, -8.660704749655869, -8.719930750036681, -8.651080789946802]",10.0,1.0,1.0,2130.0,2021-09-14 17:06:52.169471
212,212.0,2.0,8.660647529904958,"[-8.676757019392644, -8.662617611700265, -8.661246368568102, -3.4622735251207026, -8.66060540511788, -8.688791181389332, -8.720318130376326, -8.654924702516185, -8.647715570906804, -8.704943257672362]",10.0,1.0,0.9,2140.0,2021-09-14 17:06:53.089572
213,213.0,2.0,8.654564536633412,"[-8.653317642003618, -8.711966897346816, -8.652056695314235, -8.656088478650647, -8.68176897763541, -3.4629355107923314, -8.728405385365408, -8.649429938262273, -8.722322468529093, -8.659364402179447]",10.0,1.0,0.9,2150.0,2021-09-14 17:06:53.999911
214,214.0,2.0,8.700646577975304,"[-8.717560312677914, -3.462851398398664, -3.5315862965862053, -8.728104320428224, -8.728816886438533, -8.655173658354537, -8.656361087082267, -8.649942714066073, -8.646356720564684, -3.459055782719604]",10.0,1.0,0.7,2160.0,2021-09-14 17:06:54.913087
215,215.0,2.0,8.678724682797824,"[-3.46799833743104, -8.690279087957544, -8.65392007513507, -3.4636026217509355, -8.652333849606316, -8.68449072486421, -3.4578410650687506, -8.717958365492889, -3.476527933266719, -8.71032136841117]",10.0,1.0,0.6,2170.0,2021-09-14 17:06:55.813531
216,216.0,2.0,8.643865913051322,"[-8.680449285232573, -8.73060826762518, -3.4611788796862606, -8.695307528478127, -3.4714396985044864, -8.714384850934687, -8.720600868864704, -3.4584490608488863, -3.5603403577454866, -8.667275087283103]",10.0,1.0,0.6,2180.0,2021-09-14 17:06:56.668355
217,217.0,2.0,8.642606302174753,"[-8.646520125693621, -3.464896544483837, -8.643981849009878, -3.4721696198166203, -3.4555549525194964, -8.713592791751312, -8.73139735364265, -3.4630866485069607, -3.461461878893474, -8.697848653864884]",10.0,1.0,0.5,2190.0,2021-09-14 17:06:57.523938
218,218.0,2.0,3.4645058687759254,"[-8.71239020968572, -3.522736709572355, -3.4628040392154356, -3.4574149824072387, -8.664266888786335, -3.446549844707429, -8.700559555056056, -8.705828150614456, -3.461480701097078, -8.71160577042563]",10.0,0.0,0.5,2200.0,2021-09-14 17:06:58.388566
219,219.0,2.0,8.686727877523607,"[-3.518395466607156, -3.50140814329789, -3.4540271876441535, -8.732291624092953, -8.660064961996843, -3.4955025094469, -8.71531292532772, -8.722562242852755, -8.648702463542946, -3.469729393678827]",10.0,1.0,0.5,2210.0,2021-09-14 17:06:59.249165
220,220.0,2.0,8.70091342397598,"[-8.659426901235415, -8.731194996305787, -8.6944833555094, -8.730305577401102, -8.72479809555411, -3.5132856843819305, -3.451824953337363, -3.5074544694663867, -8.678451119187272, -8.6578123394426]",10.0,1.0,0.7,2220.0,2021-09-14 17:07:00.109719
221,221.0,2.0,8.71177517047377,"[-8.686644313523667, -8.661032334604068, -3.5056980031697162, -8.700356112326853, -8.683256402769542, -3.5311392474331607, -8.66859720487592, -8.70805591738617, -3.536981410719958, -8.713923261619625]",10.0,1.0,0.7,2230.0,2021-09-14 17:07:00.977833
222,222.0,2.0,8.649174914518396,"[-8.725912764322189, -8.693883013654139, -3.4657070983750544, -8.726251535575122, -3.5223161104178375, -3.5735517218777475, -8.704829283381308, -3.4662863432578077, -8.698839882351997, -3.5702712689650413]",10.0,1.0,0.5,2240.0,2021-09-14 17:07:01.857118
223,223.0,2.0,8.717824470789079,"[-8.717732355372075, -8.729898968742864, -8.718673881461859, -8.690525815468165, -3.4645755519291437, -8.697348474506484, -3.466314941682843, -8.680339027406818, -8.677605711183547, -3.4705888674939813]",10.0,1.0,0.7,2250.0,2021-09-14 17:07:02.741271
224,224.0,2.0,8.733621902641705,"[-8.696386102460686, -8.681334963705298, -8.686954671225118, -8.65179065335717, -8.728512963924363, -8.715668798319836, -8.700642300944835, -3.463263630399052, -8.711439691840816, -3.462398275099717]",10.0,1.0,0.8,2260.0,2021-09-14 17:07:03.625569
225,225.0,2.0,8.71421858336819,"[-8.687162626836743, -8.65879181864436, -8.68864031606002, -3.4716454203024645, -8.717924734642677, -3.549881678944221, -8.701800148296542, -8.68159260642445, -8.709467054419678, -8.66103081720613]",10.0,1.0,0.8,2270.0,2021-09-14 17:07:04.492120
226,226.0,2.0,8.709953956302144,"[-8.706446515798994, -8.655595774161215, -3.5890681139193283, -3.518279774618766, -3.4577382030605293, -8.661480800054886, -8.669013234358522, -8.695133422523, -8.702774729403954, -8.664920293204638]",10.0,1.0,0.7,2280.0,2021-09-14 17:07:05.359856
227,227.0,2.0,8.729002582744851,"[-8.716062064609307, -8.676396260324596, -8.683314349283513, -8.723783971503666, -8.72421043471982, -8.699211975629389, -8.708327376916742, -8.71499728662241, -8.726396216227593, -8.729590829116633]",10.0,1.0,1.0,2290.0,2021-09-14 17:07:06.222678
228,228.0,2.0,8.698459856379325,"[-8.701379078638116, -8.716100427708728, -3.474261968408724, -3.459237810727571, -8.704211368122497, -3.462275587439463, -8.723913942482154, -8.700546241752123, -8.664493010938262, -3.617088000554848]",10.0,1.0,0.6,2300.0,2021-09-14 17:07:07.080378
229,229.0,2.0,3.6146254885535423,"[-8.728781791101763, -8.728527722468359, -8.679363540401225, -3.4839264242855466, -8.713895567809162, -8.680575322666067, -3.4979372253857526, -8.718447643951032, -8.65451312382153, -8.697899128045963]",10.0,0.0,0.8,2310.0,2021-09-14 17:07:07.942615
230,230.0,2.0,8.682480636277004,"[-8.70230272783293, -8.731210337776231, -8.725961728397063, -8.704751353277567, -8.725852519290035, -8.664661058479146, -8.68536963674275, -8.6963899187963, -8.709483355088754, -8.719948299323933]",10.0,1.0,1.0,2320.0,2021-09-14 17:07:08.799560
231,231.0,2.0,8.72475761611129,"[-8.701927981720257, -8.689949480663334, -3.5108984390933755, -8.71708330813432, -8.661566300403003, -8.667081579076019, -8.732368909485688, -8.709286345436682, -8.686413473749997, -8.659756706155429]",10.0,1.0,0.9,2330.0,2021-09-14 17:07:09.660919
232,232.0,2.0,8.68345894635812,"[-8.662062281818258, -8.723388966100467, -8.709673650175906, -8.7107303830779, -3.5944330279824412, -8.710282693883864, -8.69873691992716, -3.45830176793172, -3.5153496585581907, -3.4586215138046965]",10.0,1.0,0.6,2340.0,2021-09-14 17:07:10.526688
233,233.0,2.0,8.682357175491191,"[-8.702241984455414, -3.5902460834884247, -8.710186661380607, -8.700984497210493, -8.726499792964844, -3.5045862960868948, -3.4560760994507818, -3.450569418613316, -8.733512047094372, -3.4575966486648864]",10.0,1.0,0.5,2350.0,2021-09-14 17:07:11.392776
234,234.0,2.0,8.71055899206083,"[-8.703231978965015, -3.4976362875162414, -8.70839529116572, -8.7018877058644, -3.4583033326251136, -8.709453179811847, -3.5710659737710544, -8.715911292194953, -8.719485817926259, -3.4683874574815947]",10.0,1.0,0.6,2360.0,2021-09-14 17:07:12.249352
235,235.0,2.0,8.696472109256069,"[-8.719487650638332, -8.728136027653207, -8.678754492255047, -8.702493297401112, -8.71277860997899, -8.663804035491303, -8.69457461262783, -8.716580509822922, -8.683297919248137, -8.718734894922667]",10.0,1.0,1.0,2370.0,2021-09-14 17:07:13.109858
236,236.0,2.0,8.661481472716961,"[-3.483839927284136, -8.717107777701502, -8.666456378342549, -8.691774357274875, -8.702391189652266, -8.69249004661018, -8.67205797224262, -8.729479852041232, -8.720111680096778, -8.704631219580358]",10.0,1.0,0.9,2380.0,2021-09-14 17:07:13.969947
237,237.0,2.0,8.724207382183335,"[-8.680481858597608, -8.714542171011523, -8.660580690979002, -8.717259823927318, -8.722291091306381, -8.71485405372567, -8.710679725758725, -8.709677820411482, -3.5063565448938934, -8.682071337259861]",10.0,1.0,0.9,2390.0,2021-09-14 17:07:14.827296
238,238.0,2.0,8.676354026489722,"[-3.565811710046578, -8.730203116207647, -3.6226195766517737, -8.714667683902075, -3.4576281490438467, -3.4570754880058083, -3.455520511484223, -8.694864167985738, -8.711268353448984, -8.704573350484715]",10.0,1.0,0.5,2400.0,2021-09-14 17:07:15.686898
239,239.0,2.0,8.66677170009021,"[-8.700956306626912, -8.724187882455364, -3.461403389018443, -8.684178450975956, -8.717028181967821, -8.714668747519813, -8.693900952595044, -8.660204959825228, -8.706123182422665, -3.4574799476013136]",10.0,1.0,0.8,2410.0,2021-09-14 17:07:16.545005
240,240.0,2.0,8.72175913424361,"[-8.67733690064177, -8.694829570662764, -8.730381845778908, -3.4688331993193953, -8.680154268961596, -8.68932695155893, -8.663235191360618, -8.713692698234496, -8.662327885121258, -8.710448995234797]",10.0,1.0,0.9,2420.0,2021-09-14 17:07:17.404300
241,241.0,2.0,3.5936969588147547,"[-3.459241797797648, -3.534685220712129, -3.554045433559788, -3.4481241500398427, -3.454018452005196, -3.459373568023821, -3.4598122383019505, -8.70618787308406, -8.682542030515751, -3.4566872495922687]",10.0,0.0,0.2,2430.0,2021-09-14 17:07:18.262236
242,242.0,2.0,8.703108883445992,"[-3.4651437577525437, -8.70022336998745, -8.726620754257834, -8.696567969565347, -8.726370193960223, -3.46511569390097, -8.672841164642385, -3.4578299082528967, -3.4720039395118554, -8.699243419832882]",10.0,1.0,0.6,2440.0,2021-09-14 17:07:19.129133
243,243.0,2.0,8.689536118827744,"[-8.7043140561332, -3.463396766172725, -3.4655913297174665, -8.680889305566511, -3.4648470182440336, -8.687116793408663, -8.686523914561871, -3.461773475992448, -3.4575356278236495, -8.680386018399565]",10.0,1.0,0.5,2450.0,2021-09-14 17:07:19.992965
244,244.0,2.0,3.468073987005617,"[-8.731958619423365, -3.574044269930881, -3.4697944031086787, -8.636670782623433, -3.5590578068489034, -3.524065929315609, -8.714259028854613, -3.46468004191922, -3.4854886978239623, -3.456462727111674]",10.0,0.0,0.3,2460.0,2021-09-14 17:07:20.856677
245,245.0,2.0,8.691485829799847,"[-3.464205017239157, -3.465596180272392, -3.456182186986348, -8.714169642226956, -8.695429981105248, -8.724700966337785, -3.4599303152161003, -3.486522303026537, -3.5334246618649017, -3.511950271706895]",10.0,1.0,0.3,2470.0,2021-09-14 17:07:21.716365
246,246.0,2.0,8.68052141594305,"[-8.672249442284485, -8.668947917538317, -8.677957307113914, -8.704057970181616, -8.73094560140644, -8.650728989229414, -8.678999728191828, -8.71204989573221, -8.714522557667522, -8.649757040383005]",10.0,1.0,1.0,2480.0,2021-09-14 17:07:22.579440
247,247.0,2.0,8.73144052546977,"[-3.461252689616123, -8.687366826619295, -8.70733858474771, -8.63811888738729, -8.7286964006187, -8.72075765944219, -8.70490158914469, -8.73166546549881, -8.705387429719272, -8.708697867776838]",10.0,1.0,0.9,2490.0,2021-09-14 17:07:23.440609
248,248.0,2.0,3.5366530876750555,"[-8.723383239144754, -8.72497293942453, -8.698215195027599, -8.718210486728108, -3.5149481696909626, -8.729613866990054, -3.600805198780008, -8.690020712223667, -8.710878078870431, -8.731606476015822]",10.0,0.0,0.8,2500.0,2021-09-14 17:07:24.303841
249,249.0,2.0,8.696372203392968,"[-8.718664248976523, -8.641402971511681, -8.70268096062776, -3.4644186472908998, -8.642159199604034, -8.656596627332549, -8.6388634296567, -3.502333906001259, -8.694887354886086, -8.682875083523884]",10.0,1.0,0.8,2510.0,2021-09-14 17:07:25.168016
250,250.0,2.0,8.71106469191863,"[-8.670927582994395, -8.693274448137139, -3.5266126112949046, -8.72061433706441, -8.716196840037497, -3.5409816088212587, -8.69393453580534, -8.639106669047175, -8.729823444512196, -8.685176007021907]",10.0,1.0,0.8,2520.0,2021-09-14 17:07:26.034219
251,251.0,2.0,8.72737449283049,"[-8.660439171759108, -3.4831614017040033, -3.503063148779539, -8.686690383019336, -8.731159682640895, -3.5725033608625236, -8.64788767469246, -3.4607874971446866, -8.686700290031691, -8.693223262996476]",10.0,1.0,0.6,2530.0,2021-09-14 17:07:26.895014
252,252.0,2.0,8.715529951688577,"[-8.714812897808883, -3.4663622616644183, -8.639079576350804, -8.679120955149502, -3.458159202854974, -3.492645590926254, -8.697692515764007, -3.468414339834041, -8.725397882240848, -3.487505569004847]",10.0,1.0,0.5,2540.0,2021-09-14 17:07:27.754981
253,253.0,2.0,8.68828617020544,"[-3.5143577914661344, -8.645213323658439, -3.544929362573642, -8.71840099966877, -8.725327784281722, -8.684555005931852, -3.463763586720116, -8.629876545475112, -3.59017901670616, -8.662630790875665]",10.0,1.0,0.6,2550.0,2021-09-14 17:07:28.617492
254,254.0,2.0,8.707328605248515,"[-8.731689075343697, -3.485510835937303, -8.6918116354127, -3.4658159763661938, -3.512505899738579, -8.720546745907678, -8.675364495238593, -3.4622010588101384, -8.731176760325166, -3.46382638525269]",10.0,1.0,0.5,2560.0,2021-09-14 17:07:29.477655
255,255.0,2.0,8.72869488791435,"[-8.714346922783243, -8.70637002368895, -8.653949728515151, -8.725049846206037, -8.67070888269418, -8.6768765044389, -8.729679911404553, -8.729660985962374, -3.466379526516391, -8.709075193130325]",10.0,1.0,0.9,2570.0,2021-09-14 17:07:30.350467
256,256.0,2.0,8.679138159214737,"[-8.70270251638082, -8.716253126661616, -3.467575723318568, -8.710353186365365, -8.711067368627631, -8.666552102064735, -8.642882007475341, -3.4650102948988124, -8.66500806486346, -8.721556976022885]",10.0,1.0,0.8,2580.0,2021-09-14 17:07:31.219378
257,257.0,2.0,8.724901256532075,"[-8.70987635132099, -3.5038837566329772, -8.717419586047445, -8.658028036523014, -8.721605419529698, -8.691471079256885, -8.695889679584642, -8.719427922461508, -8.658450204439953, -8.70190337720667]",10.0,1.0,0.9,2590.0,2021-09-14 17:07:32.104081
258,258.0,2.0,8.700127860183006,"[-8.666900963940657, -8.653511759428213, -8.675208946055468, -8.65306658845156, -8.681665033449518, -8.691970194857884, -8.725541972227923, -8.723489653798518, -8.697715810831745, -3.546126215066022]",10.0,1.0,0.9,2600.0,2021-09-14 17:07:32.974528
259,259.0,2.0,8.718742180723668,"[-3.501955277996483, -8.664993637291946, -8.661147149246537, -8.676812208509588, -8.663119243672076, -8.66279013109038, -8.656937598989636, -8.669620324512241, -8.701131749497323, -8.655806077348805]",10.0,1.0,0.9,2610.0,2021-09-14 17:07:33.846645
260,260.0,2.0,8.66205003916979,"[-3.457809427338284, -8.655562523868175, -8.660744928153225, -8.701640023744593, -3.4623017935990505, -8.68590299336919, -8.673691966092445, -8.64599175923695, -8.662519274242499, -8.648013656596627]",10.0,1.0,0.8,2620.0,2021-09-14 17:07:34.717470
261,261.0,2.0,8.652271483970607,"[-8.647889517585593, -8.662547251403943, -8.661395202428887, -8.712118470708456, -8.658759246271961, -8.65021547381847, -8.642671919018849, -8.659291058605636, -8.661491369999311, -8.695402875052475]",10.0,1.0,1.0,2630.0,2021-09-14 17:07:35.588577
262,262.0,2.0,8.649903418010515,"[-8.662427054233733, -8.657025278653016, -8.699358380913335, -8.659712541513532, -3.4679975927002675, -8.718427174941631, -8.66385090006547, -8.657772320008881, -8.656332230382692, -8.69498109178514]",10.0,1.0,0.9,2640.0,2021-09-14 17:07:36.464192
263,263.0,2.0,8.719525294363386,"[-8.695672217273108, -8.711821041700748, -8.649441380819038, -3.500148231086271, -8.722156889131037, -8.702241856700098, -3.494213028530528, -8.659913169152432, -8.694662531052877, -8.680335120966019]",10.0,1.0,0.8,2650.0,2021-09-14 17:07:37.327295
264,264.0,2.0,8.715106234639427,"[-8.678772786792845, -8.704686887453102, -8.680141709481001, -8.686984778877987, -8.716622377812545, -8.701137709554843, -8.655901795597167, -8.699658247891817, -8.68015600897531, -8.65786899310033]",10.0,1.0,1.0,2660.0,2021-09-14 17:07:38.196045
265,265.0,2.0,8.66753089505827,"[-8.664665097410845, -8.683212293710385, -8.677724740626918, -8.645057588546699, -8.696525493760333, -8.681191116409181, -8.704340009623767, -8.660469048685659, -8.670457256703909, -8.644171140574379]",10.0,1.0,1.0,2670.0,2021-09-14 17:07:39.066150
266,266.0,2.0,8.689679381467018,"[-8.702309603488905, -8.657876533950096, -3.498770941286753, -8.650721690236539, -8.662978793353059, -8.693124977284086, -8.659019890553909, -8.653421804272652, -8.650093341025961, -8.660663190877681]",10.0,1.0,0.9,2680.0,2021-09-14 17:07:39.936260
267,267.0,2.0,8.679039986623074,"[-8.653237830215181, -8.680524112648833, -8.704366777352895, -3.4534883612137124, -8.694293901153193, -8.691010092662157, -8.672694909739349, -8.650254539781505, -8.657313106698766, -8.650624565484925]",10.0,1.0,0.9,2690.0,2021-09-14 17:07:40.796097
268,268.0,2.0,8.715317738590873,"[-8.684965330459065, -8.66182944993133, -8.660041989732969, -8.656220102649957, -8.709600150212381, -8.715311425455033, -3.4626012733596, -8.723115408585386, -3.4637610280732676, -8.720454293348643]",10.0,1.0,0.8,2700.0,2021-09-14 17:07:41.655916
269,269.0,2.0,8.71217621391943,"[-8.69724296795235, -8.666727417262448, -8.683967539388034, -8.661073602857348, -3.5488852535837863, -3.4460916952429024, -8.726170687604151, -8.662404702111532, -8.720406235455782, -8.672168670389457]",10.0,1.0,0.8,2710.0,2021-09-14 17:07:42.524545
270,270.0,2.0,8.688567940581546,"[-8.677301702683483, -8.674684075512744, -8.666689998791215, -8.718421081002353, -8.71436359220224, -8.659972694812799, -8.710723885453406, -8.660513211662858, -8.680136834073366, -8.688918816462534]",10.0,1.0,1.0,2720.0,2021-09-14 17:07:43.414867
271,271.0,2.0,8.70938849712979,"[-8.660876694941154, -3.57375549981613, -8.66001670031396, -3.462517297694461, -8.681815149293023, -8.696496072123274, -8.692616984502935, -8.65979902937579, -8.661963563472757, -8.73031896779732]",10.0,1.0,0.8,2730.0,2021-09-14 17:07:44.280194
272,272.0,2.0,8.709631769608924,"[-8.689130310780321, -3.4594288814006147, -3.4540416725874454, -8.702034497674521, -8.663274136314973, -8.713458841874045, -8.683265000174007, -3.4512143986449733, -8.664420188702099, -8.719148929815699]",10.0,1.0,0.7,2740.0,2021-09-14 17:07:45.144341
273,273.0,2.0,8.711935534170214,"[-8.657902558281933, -8.654862423561196, -8.675186879138662, -8.659562756972154, -8.709594557893846, -8.662870822469301, -8.71802363318926, -8.70822343864653, -8.68008200743148, -8.709534384590455]",10.0,1.0,1.0,2750.0,2021-09-14 17:07:46.007535
274,274.0,2.0,8.657839171169902,"[-8.661367877372955, -8.657816681665846, -8.682134949894863, -8.72713558971664, -8.712484242838489, -8.687037565437889, -8.693237669418762, -3.49882680309525, -3.4666223876757956, -8.650945561942374]",10.0,1.0,0.8,2760.0,2021-09-14 17:07:46.875801
275,275.0,2.0,8.70009550086621,"[-8.689293281626663, -8.710353125917774, -8.661585611777575, -8.663336391828508, -8.676215521528274, -8.728880124963936, -8.678795467696276, -3.5100150267341, -8.649228230744349, -8.699716926497679]",10.0,1.0,0.9,2770.0,2021-09-14 17:07:47.742378
276,276.0,2.0,8.732572279684062,"[-8.712458342015582, -8.700070782673608, -8.695670418682477, -3.5614554442596957, -8.724863812343745, -3.4668837986953323, -3.4585105298300634, -8.726374272059875, -8.73142239233083, -8.672058315198484]",10.0,1.0,0.7,2780.0,2021-09-14 17:07:48.610942
277,277.0,2.0,8.688400683713,"[-3.5361584182074832, -3.4638047072892952, -8.715780980762398, -8.689514854597011, -8.72508522178691, -8.673863350551098, -8.69187837944617, -3.5120197496356176, -3.489021766885034, -8.708804346767336]",10.0,1.0,0.6,2790.0,2021-09-14 17:07:49.483445
278,278.0,2.0,8.708201185641755,"[-3.4538344961507588, -3.525220140016641, -8.704560678320028, -3.585081152360186, -8.695507494212276, -8.721504890865665, -8.709525986374443, -8.71425761182501, -8.714814501571668, -8.672855455925568]",10.0,1.0,0.7,2800.0,2021-09-14 17:07:50.354920
279,279.0,2.0,8.720308111439605,"[-8.714522275348104, -8.660188755041892, -8.660309019142183, -8.668753779802048, -8.669973005268998, -8.669418882154849, -8.725480951608104, -8.730654255123657, -8.659709823051122, -8.707177385117255]",10.0,1.0,1.0,2810.0,2021-09-14 17:07:51.224393
280,280.0,2.0,3.532962201247431,"[-3.454555335852446, -8.70677000371485, -8.69862907944644, -3.504819369538275, -8.70064412107305, -3.4554145016411417, -8.667419143019865, -3.507524829694496, -8.687740354491106, -8.706452956361574]",10.0,0.0,0.6,2820.0,2021-09-14 17:07:52.093180
281,281.0,2.0,3.4635971550522386,"[-3.528184995166985, -8.732709209696988, -8.692295575124117, -8.6821050131553, -8.679823727859704, -3.4612675382461235, -8.647830412441683, -8.715764591480948, -3.4598745317761095, -8.65036294792009]",10.0,0.0,0.7,2830.0,2021-09-14 17:07:52.960845
282,282.0,2.0,3.543004820401674,"[-3.4558291449139777, -3.4629701738797944, -8.726861036104758, -3.4620964349898444, -3.469184211744645, -3.52330741299969, -8.72072564904723, -3.4645555513819097, -8.680036208783976, -8.719247739619377]",10.0,0.0,0.4,2840.0,2021-09-14 17:07:53.833085
283,283.0,2.0,8.70928614874364,"[-8.685414694667754, -8.728881673150468, -8.678535029962482, -3.4599113370407997, -3.453698723572339, -8.721964500090783, -3.468352560060078, -8.687633646708958, -8.711198003995012, -8.731856125460125]",10.0,1.0,0.7,2850.0,2021-09-14 17:07:54.700952
284,284.0,2.0,8.68407179360371,"[-8.700717239572285, -8.6628106740455, -8.718151592796186, -3.480340326534518, -8.68231672684105, -8.693960597130584, -3.4626214692927437, -3.4637965594407123, -8.697119544158584, -3.5111877560326787]",10.0,1.0,0.6,2860.0,2021-09-14 17:07:55.572923
285,285.0,2.0,3.4743781873709447,"[-8.660412092410851, -8.718085254850966, -8.651895151494303, -8.718550431077404, -8.698157309576375, -8.702451009654924, -3.467926794875323, -8.66135302997494, -3.534431953793767, -8.704478380043415]",10.0,0.0,0.8,2870.0,2021-09-14 17:07:56.445660
286,286.0,2.0,8.694521021985867,"[-8.733148791375266, -8.730745278087376, -8.658684293443896, -8.710093135538775, -8.68750834406306, -3.4834366821208214, -3.579930932185531, -8.648468791817109, -8.68073504695528, -8.663816327632269]",10.0,1.0,0.8,2880.0,2021-09-14 17:07:57.325270
287,287.0,2.0,8.715033612229833,"[-8.697736293476975, -3.4613371826065187, -8.711745515153407, -8.700936038841599, -8.705304510889517, -8.72146588271129, -3.5043878102216035, -3.4788378734032634, -8.710806905598169, -3.4478381769128266]",10.0,1.0,0.6,2890.0,2021-09-14 17:07:58.196022
288,288.0,2.0,8.72151006130777,"[-8.69930631300932, -8.717048031662232, -3.4609617126274497, -8.67627368920654, -8.709153621708104, -8.725556533139281, -8.667154259051657, -8.713458484507331, -8.684117246692223, -3.4558947755645892]",10.0,1.0,0.8,2900.0,2021-09-14 17:07:59.074053
289,289.0,2.0,8.655619540321082,"[-8.72387950734731, -8.69662087448214, -8.703446974811417, -8.647701966611432, -8.68381706211172, -3.5176587748956605, -3.4674335752812633, -8.660161144088388, -8.699667804722885, -8.680407948671249]",10.0,1.0,0.8,2910.0,2021-09-14 17:07:59.942048
290,290.0,2.0,8.688545620436686,"[-8.702268400408284, -8.717713938093924, -8.687420784347177, -8.699215854246937, -8.704883409625555, -3.4706800349752758, -8.685441999780918, -8.68642773590989, -3.4687566725696395, -8.692743720979315]",10.0,1.0,0.8,2920.0,2021-09-14 17:08:00.809181
291,291.0,2.0,8.7113460276778,"[-3.464708367673426, -8.714098508499267, -3.467548222840407, -8.715172420510088, -8.689499460691215, -3.5161260893148545, -8.716070916062815, -8.732469122797474, -8.712790050946555, -8.726559546964001]",10.0,1.0,0.7,2930.0,2021-09-14 17:08:01.677081
292,292.0,2.0,8.712233733913319,"[-8.728168812277739, -8.73146140120583, -3.473143990175005, -8.692948174450027, -3.481706935093549, -8.692568388538536, -8.722416771894817, -8.719843706508586, -8.689950323251459, -8.665447352957667]",10.0,1.0,0.8,2940.0,2021-09-14 17:08:02.549643
293,293.0,2.0,3.552673276294429,"[-3.4703137147072516, -8.69266777521904, -8.710621569779518, -3.481978031253185, -3.4629375180741357, -3.472625670905222, -3.4652324505724468, -3.468439441234937, -3.5752181090581585, -8.632386464402401]",10.0,0.0,0.3,2950.0,2021-09-14 17:08:03.425143
294,294.0,2.0,8.722692709737407,"[-8.64123016049365, -3.4610209976296624, -3.488929152260782, -3.4614196480932624, -8.68869464005667, -8.640875581345203, -3.4566702361287143, -8.712491848207236, -8.645862034556982, -8.648243921462067]",10.0,1.0,0.6,2960.0,2021-09-14 17:08:04.295610
295,295.0,2.0,3.4758628354045475,"[-8.636487817478109, -3.540640685119131, -8.690251972608765, -8.70994513205474, -8.731694265043581, -8.728203647856548, -8.686731845016729, -8.669794784581187, -8.716863586726115, -8.70579310933094]",10.0,0.0,0.9,2970.0,2021-09-14 17:08:05.168401
296,296.0,2.0,8.727069697024207,"[-3.460725634970651, -3.479830424847486, -8.713495325556144, -8.710938926026778, -3.466195537185947, -3.4599955450842734, -3.4694760044338664, -8.642213071013245, -8.649156304408184, -8.724763927565547]",10.0,1.0,0.5,2980.0,2021-09-14 17:08:06.036830
297,297.0,2.0,8.730066046116493,"[-8.729338478141884, -3.4715775420314987, -8.713008725257067, -8.723968970844352, -3.455330991299192, -8.730101928075253, -3.4682603185105645, -3.468836292778747, -3.5313178046005875, -8.680850607342036]",10.0,1.0,0.5,2990.0,2021-09-14 17:08:06.908402
298,298.0,2.0,8.727698609965065,"[-8.647456230913592, -3.4855715421200606, -3.466210748462728, -8.679047461015132, -8.732853938778142, -8.721092958544263, -8.725060966195331, -8.67366950713512, -8.662430679544597, -3.466547923215339]",10.0,1.0,0.7,3000.0,2021-09-14 17:08:07.780793
299,299.0,2.0,8.702409932055176,"[-3.4632645573877108, -8.629330041222126, -8.708744409657088, -8.71273055870196, -8.70274206468961, -8.702255954975444, -8.659983385526944, -3.5096536871811574, -8.694945104662295, -8.716057075677481]",10.0,1.0,0.8,3010.0,2021-09-14 17:08:08.652374
