,eval/mean_reward,time/fps,train/actor_loss,train/critic_loss,train/ent_coef,train/ent_coef_loss,train/learning_rate,eval/mean_ep_length
0,392.8179626464844,33.0,-18.78660011291504,2.3251798152923584,0.9139717817306519,-0.9063107371330261,9.999999747378752e-05,250.0
1,460.653564453125,32.0,-33.61796951293945,0.44562432169914246,0.8270418047904968,-1.9075685739517212,9.999999747378752e-05,250.0
2,406.65008544921875,32.0,-46.15442657470703,6.929482460021973,0.7487268447875977,-2.8751025199890137,9.999999747378752e-05,250.0
3,433.60272216796875,31.0,-56.435829162597656,14.724102020263672,0.6778470277786255,-3.8826217651367188,9.999999747378752e-05,250.0
4,437.7769470214844,31.0,-64.96196746826172,1.4192196130752563,0.6135461330413818,-4.828536510467529,9.999999747378752e-05,250.0
5,400.780029296875,31.0,-71.54488372802734,1.4581093788146973,0.5553184151649475,-5.769440650939941,9.999999747378752e-05,250.0
6,362.68017578125,30.0,-76.76727294921875,48.6309928894043,0.5025954246520996,-6.862764835357666,9.999999747378752e-05,250.0
7,431.32855224609375,30.0,-80.77864837646484,0.7025504112243652,0.45487353205680847,-7.751587390899658,9.999999747378752e-05,250.0
8,351.94097900390625,30.0,-83.4688720703125,6.28702449798584,0.411672979593277,-8.764718055725098,9.999999747378752e-05,250.0
9,448.44842529296875,30.0,-85.4041519165039,0.9119881987571716,0.3725776672363281,-9.674575805664062,9.999999747378752e-05,250.0
10,413.3584899902344,29.0,-86.42219543457031,1.213250756263733,0.33725738525390625,-10.614689826965332,9.999999747378752e-05,250.0
11,406.389892578125,29.0,-86.80377960205078,0.7398529052734375,0.30525296926498413,-11.63198471069336,9.999999747378752e-05,250.0
12,401.66888427734375,29.0,-86.64562225341797,0.38166898488998413,0.276258260011673,-12.496378898620605,9.999999747378752e-05,250.0
13,418.0809631347656,29.0,-85.81163024902344,29.461891174316406,0.2500447928905487,-13.368386268615723,9.999999747378752e-05,250.0
14,406.4969177246094,29.0,-84.586181640625,1.0292869806289673,0.22636497020721436,-14.231318473815918,9.999999747378752e-05,250.0
15,364.7593994140625,29.0,-83.20333862304688,28.296520233154297,0.20493674278259277,-15.286378860473633,9.999999747378752e-05,250.0
16,398.3760681152344,29.0,-81.79704284667969,19.88919448852539,0.18550771474838257,-15.877983093261719,9.999999747378752e-05,250.0
17,390.05859375,29.0,-79.77009582519531,93.33699035644531,0.1679188758134842,-16.99730682373047,9.999999747378752e-05,250.0
18,397.0202331542969,29.0,-77.71267700195312,2.7264723777770996,0.15201525390148163,-17.650331497192383,9.999999747378752e-05,250.0
19,378.8390197753906,29.0,-75.47180938720703,0.37181001901626587,0.13759693503379822,-18.646738052368164,9.999999747378752e-05,250.0
20,428.18316650390625,29.0,-73.05654907226562,49.37152862548828,0.12457992881536484,-19.42950439453125,9.999999747378752e-05,250.0
21,349.3208312988281,29.0,-70.68304443359375,0.587662935256958,0.11279268562793732,-20.440326690673828,9.999999747378752e-05,250.0
22,339.7916564941406,29.0,-68.35031127929688,0.16210296750068665,0.10210631787776947,-20.940013885498047,9.999999747378752e-05,250.0
23,364.6054992675781,29.0,-65.80182647705078,0.2577519714832306,0.09242335706949234,-21.7446231842041,9.999999747378752e-05,250.0
24,364.25408935546875,28.0,-63.25361251831055,19.189693450927734,0.0836634412407875,-22.451128005981445,9.999999747378752e-05,250.0
25,345.8776550292969,28.0,-60.75546646118164,0.28336507081985474,0.07574880868196487,-23.23650550842285,9.999999747378752e-05,250.0
26,359.3045349121094,28.0,-58.27508544921875,0.16743414103984833,0.06856944411993027,-24.418813705444336,9.999999747378752e-05,250.0
27,352.07379150390625,28.0,-55.68824005126953,16.07122802734375,0.06206108257174492,-24.778364181518555,9.999999747378752e-05,250.0
28,384.9413757324219,28.0,-53.25522232055664,0.1588262915611267,0.0561828538775444,-25.361244201660156,9.999999747378752e-05,250.0
29,361.8386535644531,28.0,-50.92599105834961,0.16604113578796387,0.050875596702098846,-26.997665405273438,9.999999747378752e-05,250.0
30,354.3921813964844,28.0,-48.44028854370117,11.491991996765137,0.046077974140644073,-26.991300582885742,9.999999747378752e-05,250.0
31,398.9543762207031,28.0,-46.424007415771484,10.823801040649414,0.04172544926404953,-27.897884368896484,9.999999747378752e-05,250.0
32,362.2913513183594,28.0,-44.25666809082031,0.08676411211490631,0.0377776101231575,-28.63799285888672,9.999999747378752e-05,250.0
33,340.59271240234375,28.0,-42.217857360839844,0.09563084691762924,0.03419995307922363,-29.126708984375,9.999999747378752e-05,250.0
34,435.097412109375,28.0,-40.19488525390625,16.0477294921875,0.030959386378526688,-30.050024032592773,9.999999747378752e-05,250.0
35,386.68072509765625,28.0,-38.333499908447266,7.222787380218506,0.02801566570997238,-30.767860412597656,9.999999747378752e-05,250.0
36,339.9265441894531,28.0,-36.427574157714844,6.643078804016113,0.02535693347454071,-31.38729476928711,9.999999747378752e-05,250.0
37,362.2878112792969,28.0,-34.75654602050781,0.0701574757695198,0.02296607568860054,-32.25481414794922,9.999999747378752e-05,250.0
38,331.7693176269531,28.0,-33.03837585449219,7.707271575927734,0.02079865150153637,-31.68409538269043,9.999999747378752e-05,250.0
39,360.3499755859375,28.0,-31.4761962890625,4.841237545013428,0.018835294991731644,-34.16683578491211,9.999999747378752e-05,250.0
40,355.6258850097656,28.0,-29.91707992553711,4.549525737762451,0.01706579327583313,-33.35249710083008,9.999999747378752e-05,250.0
41,388.08087158203125,28.0,-28.465009689331055,0.11241642385721207,0.01547114085406065,-32.75559616088867,9.999999747378752e-05,250.0
42,342.6498107910156,28.0,-27.04986000061035,3.3652706146240234,0.014020211063325405,-34.17348098754883,9.999999747378752e-05,250.0
43,345.38604736328125,28.0,-25.67884635925293,0.03789950907230377,0.012699346989393234,-33.90581130981445,9.999999747378752e-05,250.0
44,345.17535400390625,28.0,-24.431137084960938,0.04363169148564339,0.011502714827656746,-35.14578628540039,9.999999747378752e-05,250.0
45,321.59564208984375,28.0,-23.26298713684082,0.01985142007470131,0.01042622234672308,-33.765804290771484,9.999999747378752e-05,250.0
46,302.1167907714844,28.0,-22.106380462646484,0.02073686569929123,0.009439571760594845,-36.25119400024414,9.999999747378752e-05,250.0
47,322.28253173828125,28.0,-21.056535720825195,4.147617816925049,0.008545531891286373,-37.827232360839844,9.999999747378752e-05,250.0
48,313.348388671875,28.0,-19.948041915893555,0.020769691094756126,0.007739547174423933,-36.102996826171875,9.999999747378752e-05,250.0
49,313.33050537109375,28.0,-18.934877395629883,0.03417942672967911,0.007009139750152826,-36.3260498046875,9.999999747378752e-05,250.0
50,323.5414123535156,28.0,-17.971025466918945,0.044447656720876694,0.006344527937471867,-37.410648345947266,9.999999747378752e-05,250.0
51,322.15814208984375,28.0,-17.070215225219727,0.023436494171619415,0.005743401125073433,-39.25056838989258,9.999999747378752e-05,250.0
52,283.71282958984375,28.0,-16.284217834472656,1.2978973388671875,0.005201455671340227,-38.272212982177734,9.999999747378752e-05,250.0
53,211.466796875,28.0,-15.480914115905762,1.1174671649932861,0.004722579848021269,-35.61234664916992,9.999999747378752e-05,250.0
54,233.38232421875,28.0,-14.771899223327637,1.0864057540893555,0.004298326093703508,-32.58415222167969,9.999999747378752e-05,250.0
55,315.07891845703125,28.0,-14.062993049621582,0.027675464749336243,0.0039031982887536287,-35.274471282958984,9.999999747378752e-05,250.0
56,359.46368408203125,28.0,-13.352348327636719,0.013517899438738823,0.0035388621035963297,-36.756343841552734,9.999999747378752e-05,250.0
57,418.13818359375,28.0,-12.750741958618164,0.8240166306495667,0.0032096714712679386,-33.10805892944336,9.999999747378752e-05,250.0
58,355.8553771972656,28.0,-12.15786075592041,0.7330042123794556,0.002925746375694871,-33.72616958618164,9.999999747378752e-05,250.0
59,322.0769348144531,28.0,-11.647150993347168,0.00990154966711998,0.002661993494257331,-28.970975875854492,9.999999747378752e-05,250.0
60,349.6560974121094,28.0,-11.104459762573242,1.1501798629760742,0.0024252573493868113,-26.501474380493164,9.999999747378752e-05,250.0
61,345.34136962890625,28.0,-10.6356201171875,0.018794067203998566,0.002211339771747589,-28.485214233398438,9.999999747378752e-05,250.0
62,393.28875732421875,28.0,-10.168642044067383,0.009180242195725441,0.002007049275562167,-27.854686737060547,9.999999747378752e-05,250.0
63,351.6200866699219,28.0,-9.76566219329834,0.470206081867218,0.0018287990242242813,-25.31414794921875,9.999999747378752e-05,250.0
64,321.5829162597656,28.0,-9.427423477172852,0.010065009817481041,0.0016704656882211566,-21.964153289794922,9.999999747378752e-05,250.0
65,378.7572326660156,28.0,-9.104665756225586,0.014286225661635399,0.0015279649524018168,-16.901031494140625,9.999999747378752e-05,250.0
66,398.1471862792969,28.0,-8.766858100891113,0.7433090209960938,0.0014054222265258431,-17.47890281677246,9.999999747378752e-05,250.0
67,469.2562561035156,29.0,-8.497573852539062,0.7177560329437256,0.0012967842631042004,-13.768267631530762,9.999999747378752e-05,250.0
68,529.6749877929688,29.0,-8.243329048156738,0.014841181226074696,0.0011861551320180297,-17.858774185180664,9.999999747378752e-05,250.0
69,715.6196899414062,29.0,-8.009726524353027,0.011645343154668808,0.001078230794519186,-13.56822681427002,9.999999747378752e-05,250.0
70,751.5935668945312,29.0,-7.768117904663086,0.007981802336871624,0.0009868670022115111,-14.110787391662598,9.999999747378752e-05,250.0
71,743.8379516601562,29.0,-7.481986999511719,0.01283468957990408,0.0009116632863879204,-10.350887298583984,9.999999747378752e-05,250.0
72,858.3460693359375,29.0,-7.334416389465332,0.2492569386959076,0.0008436888456344604,-5.40595817565918,9.999999747378752e-05,250.0
73,854.2099609375,29.0,-7.071296215057373,0.01090148650109768,0.0007949443534016609,-3.9947688579559326,9.999999747378752e-05,250.0
74,730.402099609375,29.0,-6.919440269470215,0.007259398698806763,0.000756995752453804,-3.9906005859375,9.999999747378752e-05,250.0
75,877.3648681640625,29.0,-6.702393531799316,0.00974726676940918,0.000727910315617919,0.02625183016061783,9.999999747378752e-05,250.0
76,818.8514404296875,29.0,-6.53779935836792,0.006140433717519045,0.0007206315640360117,-2.6514029502868652,9.999999747378752e-05,250.0
77,676.5457153320312,29.0,-6.388516902923584,0.008089753799140453,0.0007170096505433321,-0.5871384143829346,9.999999747378752e-05,250.0
78,665.83251953125,29.0,-6.206766128540039,0.1595117449760437,0.0006976223085075617,-2.3251116275787354,9.999999747378752e-05,250.0
79,760.9830322265625,29.0,-6.017958164215088,0.007083775941282511,0.0006813978543505073,0.3245617151260376,9.999999747378752e-05,250.0
80,784.6476440429688,29.0,-5.89956521987915,0.1779232621192932,0.0006942179752513766,-0.3887774646282196,9.999999747378752e-05,250.0
81,785.9642333984375,29.0,-5.715804100036621,0.3702493906021118,0.0006862867739982903,-2.3031883239746094,9.999999747378752e-05,250.0
82,849.4879760742188,29.0,-5.612039566040039,0.006170801818370819,0.0006787830498069525,2.9424004554748535,9.999999747378752e-05,250.0
83,673.0774536132812,29.0,-5.465663909912109,0.005471468903124332,0.0006908189970999956,0.3735414743423462,9.999999747378752e-05,250.0
84,666.5541381835938,29.0,-5.313808441162109,0.006253320258110762,0.0007004014914855361,-0.44213882088661194,9.999999747378752e-05,250.0
85,755.701171875,29.0,-5.179790019989014,0.128606379032135,0.0006982263294048607,-1.412954330444336,9.999999747378752e-05,250.0
86,815.7764892578125,29.0,-5.101001739501953,0.124970942735672,0.0007166422437876463,2.97434139251709,9.999999747378752e-05,250.0
87,980.7733154296875,29.0,-4.9609832763671875,0.2073058784008026,0.0007394683780148625,-1.3012030124664307,9.999999747378752e-05,250.0
88,693.9639282226562,29.0,-4.878459930419922,0.12387784570455551,0.0007596426294185221,1.2267330884933472,9.999999747378752e-05,250.0
89,811.0159301757812,29.0,-4.790870189666748,0.005614681169390678,0.0007744782487861812,-1.7453978061676025,9.999999747378752e-05,250.0
90,816.1248779296875,29.0,-4.690154552459717,0.0056729442439973354,0.0007659404654987156,-0.3255036473274231,9.999999747378752e-05,250.0
91,970.03662109375,29.0,-4.595104217529297,0.005030035972595215,0.0007615278009325266,1.1036643981933594,9.999999747378752e-05,250.0
92,943.6759643554688,29.0,-4.494112014770508,0.10310865938663483,0.000772610364947468,1.9511483907699585,9.999999747378752e-05,250.0
93,797.4179077148438,29.0,-4.4197258949279785,0.004048177041113377,0.0007991119637154043,0.4916759431362152,9.999999747378752e-05,250.0
94,1048.25537109375,29.0,-4.322150230407715,0.1863608956336975,0.0008140023564919829,-1.861796259880066,9.999999747378752e-05,250.0
95,1046.3927001953125,29.0,-4.278652667999268,0.00732011254876852,0.0008129484485834837,2.5444629192352295,9.999999747378752e-05,250.0
96,1102.3150634765625,29.0,-4.200473308563232,0.166148379445076,0.0008402216481044888,3.6712193489074707,9.999999747378752e-05,250.0
97,1037.1226806640625,29.0,-4.142232894897461,0.004655659664422274,0.000852479541208595,-2.8822662830352783,9.999999747378752e-05,250.0
98,1064.1163330078125,29.0,-4.047394752502441,0.08451788127422333,0.0008312211139127612,-2.831936836242676,9.999999747378752e-05,250.0
99,1105.436279296875,29.0,-4.010964870452881,0.006346438080072403,0.0008218518341891468,-4.1143388748168945,9.999999747378752e-05,250.0
100,1070.0013427734375,29.0,-3.9708251953125,0.07754390686750412,0.0008110295748338103,-0.7813637256622314,9.999999747378752e-05,250.0
101,1165.3875732421875,29.0,-3.8987700939178467,0.00391488429158926,0.0008064239518716931,1.828724980354309,9.999999747378752e-05,250.0
102,926.9318237304688,29.0,-3.83337140083313,0.053923867642879486,0.0007876617019064724,-2.2724766731262207,9.999999747378752e-05,250.0
103,1030.3941650390625,29.0,-3.7824184894561768,0.0035918497014790773,0.0007755632977932692,-1.8065251111984253,9.999999747378752e-05,250.0
104,1052.9722900390625,29.0,-3.6940627098083496,0.06763237714767456,0.0007799304439686239,1.1320438385009766,9.999999747378752e-05,250.0
105,1016.6121215820312,29.0,-3.6612064838409424,0.0034608333371579647,0.0007450198172591627,-2.5430078506469727,9.999999747378752e-05,250.0
106,1166.0135498046875,29.0,-3.5932884216308594,0.06934209167957306,0.0007163504487834871,-0.1836598962545395,9.999999747378752e-05,250.0
107,1165.933837890625,29.0,-3.5154314041137695,0.06443376839160919,0.0006938976002857089,-0.6752737164497375,9.999999747378752e-05,250.0
108,825.4923095703125,29.0,-3.4934298992156982,0.06524935364723206,0.0006871577934361994,-1.075911283493042,9.999999747378752e-05,250.0
109,977.99853515625,29.0,-3.4261116981506348,0.003911260981112719,0.0006640959763899446,2.435356378555298,9.999999747378752e-05,250.0
110,1187.739990234375,29.0,-3.375525951385498,0.003880659583956003,0.0006701751262880862,-0.12485405057668686,9.999999747378752e-05,250.0
111,1272.085205078125,29.0,-3.315159320831299,0.055559173226356506,0.0006906194030307233,0.8361621499061584,9.999999747378752e-05,250.0
112,1189.268310546875,29.0,-3.290787935256958,0.0029053548350930214,0.0006969417445361614,-0.9967880249023438,9.999999747378752e-05,250.0
113,1272.142822265625,29.0,-3.2507944107055664,0.0035867812111973763,0.0006928336224518716,-2.637152671813965,9.999999747378752e-05,250.0
114,1403.6219482421875,29.0,-3.2022008895874023,0.003416583640500903,0.0006709297304041684,5.473127841949463,9.999999747378752e-05,250.0
115,1285.7945556640625,29.0,-3.151895761489868,0.003991551231592894,0.0006740684621036053,-2.046799898147583,9.999999747378752e-05,250.0
116,1313.6417236328125,29.0,-3.15067195892334,0.04896583408117294,0.0006692215683870018,1.650520920753479,9.999999747378752e-05,250.0
117,1416.8175048828125,29.0,-3.0894615650177,0.04540654644370079,0.0006754429778084159,0.3528115749359131,9.999999747378752e-05,250.0
118,1387.4351806640625,29.0,-3.073629379272461,0.04766407608985901,0.0006703969556838274,-0.19167560338974,9.999999747378752e-05,250.0
119,1269.4952392578125,29.0,-3.0670340061187744,0.01018737256526947,0.0006707739667035639,0.7870498299598694,9.999999747378752e-05,250.0
120,1206.737060546875,29.0,-3.016885280609131,0.04586855322122574,0.0006800390547141433,-2.1332995891571045,9.999999747378752e-05,250.0
121,1434.7666015625,29.0,-2.9796266555786133,0.04523339122533798,0.0006706383428536355,-0.8910564184188843,9.999999747378752e-05,250.0
122,1478.2698974609375,29.0,-2.9440135955810547,0.04786574840545654,0.0006676059565506876,-0.9842973351478577,9.999999747378752e-05,250.0
123,1534.5657958984375,29.0,-2.920442819595337,0.04054239019751549,0.0006591809215024114,-2.9263274669647217,9.999999747378752e-05,250.0
124,1452.820068359375,29.0,-2.9323456287384033,0.0023031309247016907,0.0006705715204589069,3.4806597232818604,9.999999747378752e-05,250.0
125,1522.3525390625,29.0,-2.8870227336883545,0.040756240487098694,0.000667534361127764,-0.41927534341812134,9.999999747378752e-05,250.0
126,1585.1162109375,29.0,-2.8483333587646484,0.041134387254714966,0.0006734461640007794,-2.1379404067993164,9.999999747378752e-05,250.0
127,1426.8707275390625,29.0,-2.8286125659942627,0.008464941754937172,0.0006773817003704607,1.8377702236175537,9.999999747378752e-05,250.0
128,1568.9273681640625,29.0,-2.7981560230255127,0.0025179374497383833,0.0006936464924365282,0.9784519672393799,9.999999747378752e-05,250.0
129,1502.9041748046875,29.0,-2.7750816345214844,0.11509612202644348,0.0006986379739828408,2.7882299423217773,9.999999747378752e-05,250.0
130,1483.6051025390625,29.0,-2.7524163722991943,0.036405086517333984,0.0006881690351292491,-2.481853485107422,9.999999747378752e-05,250.0
131,1491.4215087890625,29.0,-2.741960287094116,0.04361944645643234,0.0006874629179947078,-1.179162621498108,9.999999747378752e-05,250.0
132,1601.9058837890625,29.0,-2.71964168548584,0.038632556796073914,0.00067667051916942,0.7540097832679749,9.999999747378752e-05,250.0
133,1598.522216796875,29.0,-2.6998748779296875,0.0017022262327373028,0.0006858719862066209,-0.5531454086303711,9.999999747378752e-05,250.0
134,1605.372314453125,29.0,-2.6823925971984863,0.002451328095048666,0.0006865604082122445,1.2531160116195679,9.999999747378752e-05,250.0
135,1672.57421875,29.0,-2.678422212600708,0.0019025319488719106,0.0006818382535129786,-0.8973437547683716,9.999999747378752e-05,250.0
136,1646.345703125,29.0,-2.668069362640381,0.001689230790361762,0.0006744684069417417,-2.2539327144622803,9.999999747378752e-05,250.0
137,1668.955078125,29.0,-2.640862464904785,0.0020036310888826847,0.0006856276886537671,2.4306366443634033,9.999999747378752e-05,250.0
138,1495.824462890625,29.0,-2.62479829788208,0.002383788814768195,0.0007017386378720403,-1.2215124368667603,9.999999747378752e-05,250.0
139,1726.015380859375,29.0,-2.6047372817993164,0.06526748836040497,0.0007049777777865529,-1.0384026765823364,9.999999747378752e-05,250.0
140,1733.5972900390625,29.0,-2.6046156883239746,0.002435083966702223,0.0006879253196530044,2.6732800006866455,9.999999747378752e-05,250.0
141,1700.338623046875,29.0,-2.561589002609253,0.0811799019575119,0.00067285040859133,0.7840099930763245,9.999999747378752e-05,250.0
142,1554.0743408203125,29.0,-2.546219825744629,0.0026701530441641808,0.0006713265320286155,1.3137496709823608,9.999999747378752e-05,250.0
143,1695.559326171875,29.0,-2.551032543182373,0.0016745522152632475,0.0006709210574626923,0.8504063487052917,9.999999747378752e-05,250.0
144,1705.409912109375,29.0,-2.5097763538360596,0.06628985702991486,0.0006902654422447085,-0.21135252714157104,9.999999747378752e-05,250.0
145,1711.521484375,29.0,-2.497202157974243,0.02689499594271183,0.0006947037763893604,-0.8717483282089233,9.999999747378752e-05,250.0
146,1704.4732666015625,29.0,-2.4984381198883057,0.002109768334776163,0.000686112733092159,-2.0891993045806885,9.999999747378752e-05,250.0
147,1693.4820556640625,29.0,-2.47029185295105,0.060776449739933014,0.000693697773385793,-1.7574539184570312,9.999999747378752e-05,250.0
148,1696.427490234375,29.0,-2.4603121280670166,0.0022169637959450483,0.0006924059125594795,-2.0875847339630127,9.999999747378752e-05,250.0
149,1577.359130859375,29.0,-2.4569385051727295,0.001760195940732956,0.0006907946080900729,1.1024291515350342,9.999999747378752e-05,250.0
150,1652.619384765625,29.0,-2.4233596324920654,0.0049766176380217075,0.0006760574760846794,-2.1793768405914307,9.999999747378752e-05,250.0
151,1662.6156005859375,29.0,-2.4061484336853027,0.02648504450917244,0.0006661619408987463,-1.9592461585998535,9.999999747378752e-05,250.0
152,1700.207275390625,29.0,-2.3989710807800293,0.05465687811374664,0.0006589845870621502,-0.7228198051452637,9.999999747378752e-05,250.0
153,1668.738525390625,29.0,-2.4101486206054688,0.0015993888955563307,0.0006725892890244722,-4.789534568786621,9.999999747378752e-05,250.0
154,1541.7918701171875,29.0,-2.396956205368042,0.038644999265670776,0.0006767964223399758,-0.17495006322860718,9.999999747378752e-05,250.0
155,1533.0205078125,29.0,-2.363065004348755,0.0035768260713666677,0.0006817511166445911,0.7852087020874023,9.999999747378752e-05,250.0
156,1312.8609619140625,29.0,-2.357098340988159,0.029812626540660858,0.0006771769840270281,-1.5797430276870728,9.999999747378752e-05,250.0
157,1636.179443359375,29.0,-2.35791277885437,0.05255325511097908,0.0006761974073015153,-1.1335195302963257,9.999999747378752e-05,250.0
158,1709.924072265625,29.0,-2.3267037868499756,0.029297616332769394,0.0006831214413978159,-1.3107938766479492,9.999999747378752e-05,250.0
159,1680.476318359375,29.0,-2.3218941688537598,0.0013825432397425175,0.000681864854414016,-0.004102668724954128,9.999999747378752e-05,250.0
160,1568.669677734375,29.0,-2.3135671615600586,0.001652742037549615,0.0006672660820186138,-0.5775495171546936,9.999999747378752e-05,250.0
161,1778.7279052734375,29.0,-2.299272060394287,0.04205445572733879,0.0006689918809570372,0.9978098273277283,9.999999747378752e-05,250.0
162,1660.507568359375,29.0,-2.2824084758758545,0.001786929788067937,0.0006668077548965812,-1.4016000032424927,9.999999747378752e-05,250.0
163,1709.163330078125,29.0,-2.2894458770751953,0.002028221730142832,0.0006655012257397175,3.3465349674224854,9.999999747378752e-05,250.0
164,1631.3955078125,29.0,-2.264016628265381,0.05042252689599991,0.0006730785826221108,1.879026174545288,9.999999747378752e-05,250.0
165,1759.542236328125,29.0,-2.27215313911438,0.0017555798403918743,0.0006869173957966268,0.8601634502410889,9.999999747378752e-05,250.0
166,1738.736328125,29.0,-2.277055263519287,0.04455436021089554,0.0006918307044543326,1.9397855997085571,9.999999747378752e-05,250.0
167,1774.6080322265625,29.0,-2.254441976547241,0.0013725853059440851,0.0006655310862697661,-1.248520016670227,9.999999747378752e-05,250.0
168,1753.878662109375,29.0,-2.253047466278076,0.029487445950508118,0.000660071091260761,1.3584150075912476,9.999999747378752e-05,250.0
169,1815.107177734375,29.0,-2.2427215576171875,0.0014988414477556944,0.0006679667858406901,1.406232476234436,9.999999747378752e-05,250.0
170,1669.4202880859375,29.0,-2.2281363010406494,0.0013989326544106007,0.000684312719386071,-0.7749232053756714,9.999999747378752e-05,250.0
171,1780.1429443359375,29.0,-2.2048165798187256,0.028954751789569855,0.0006783175049349666,2.0896530151367188,9.999999747378752e-05,250.0
172,1740.2943115234375,29.0,-2.211616039276123,0.001900099916383624,0.0006821140414103866,2.294663906097412,9.999999747378752e-05,250.0
173,1750.1123046875,29.0,-2.2246310710906982,0.001663319650106132,0.000684128375723958,1.3253540992736816,9.999999747378752e-05,250.0
174,1723.388671875,29.0,-2.214482069015503,0.026212815195322037,0.0006833429215475917,-3.9386839866638184,9.999999747378752e-05,250.0
175,1689.959228515625,29.0,-2.2109804153442383,0.02610538713634014,0.000671187590342015,-0.4545576274394989,9.999999747378752e-05,250.0
176,1666.6715087890625,29.0,-2.229527235031128,0.02267806977033615,0.0006707560387440026,-0.4401775896549225,9.999999747378752e-05,250.0
177,1771.622314453125,29.0,-2.202359914779663,0.01110569667071104,0.000660450488794595,-0.552799642086029,9.999999747378752e-05,250.0
178,1913.574951171875,29.0,-2.1865925788879395,0.00139904604293406,0.0006679276120848954,4.340948581695557,9.999999747378752e-05,250.0
179,1745.226318359375,29.0,-2.181427240371704,0.0015506272902712226,0.0006796922534704208,-0.062274474650621414,9.999999747378752e-05,250.0
180,1929.644775390625,29.0,-2.1924967765808105,0.0020534293726086617,0.0006767660961486399,1.8658201694488525,9.999999747378752e-05,250.0
181,1807.480712890625,29.0,-2.1666388511657715,0.0027934913523495197,0.0006805273005738854,2.2684895992279053,9.999999747378752e-05,250.0
182,1942.5433349609375,29.0,-2.1792798042297363,0.0014942190609872341,0.0006768051534891129,-4.250698089599609,9.999999747378752e-05,250.0
183,1892.475341796875,29.0,-2.197981119155884,0.02528613992035389,0.0006851368234492838,1.7415099143981934,9.999999747378752e-05,250.0
184,1909.221923828125,29.0,-2.1680967807769775,0.025736264884471893,0.0006871571531519294,-5.090095520019531,9.999999747378752e-05,250.0
185,1793.552490234375,29.0,-2.1771209239959717,0.002367340261116624,0.0006715625058859587,0.09767516702413559,9.999999747378752e-05,250.0
186,1886.8902587890625,29.0,-2.1664416790008545,0.01568262279033661,0.0006792321219108999,0.7675731778144836,9.999999747378752e-05,250.0
187,1930.129150390625,29.0,-2.167022705078125,0.08894966542720795,0.0006984451320022345,5.593523025512695,9.999999747378752e-05,250.0
188,1914.158935546875,29.0,-2.1592483520507812,0.02548903599381447,0.000700255564879626,-0.7146696448326111,9.999999747378752e-05,250.0
189,1839.123046875,29.0,-2.148186445236206,0.026602542027831078,0.0006912958342581987,-0.03977874666452408,9.999999747378752e-05,250.0
190,1913.4248046875,29.0,-2.1403579711914062,0.0018409134354442358,0.0006883561727590859,4.668274402618408,9.999999747378752e-05,250.0
191,2003.888671875,29.0,-2.1508772373199463,0.001335785840637982,0.0006778298411518335,-0.19684317708015442,9.999999747378752e-05,250.0
192,1958.056884765625,29.0,-2.1443393230438232,0.010773944668471813,0.0006731819012202322,-1.3510949611663818,9.999999747378752e-05,250.0
193,1983.5279541015625,29.0,-2.1541385650634766,0.0021195835433900356,0.0006851446814835072,2.7574658393859863,9.999999747378752e-05,250.0
194,1890.3880615234375,29.0,-2.1671667098999023,0.002427170518785715,0.0006881808512844145,-0.8228371739387512,9.999999747378752e-05,250.0
195,1934.2708740234375,29.0,-2.14892315864563,0.0261661559343338,0.0006949178059585392,2.7872326374053955,9.999999747378752e-05,250.0
196,1931.382080078125,29.0,-2.1433966159820557,0.0016831124667078257,0.0007018102915026248,3.9605064392089844,9.999999747378752e-05,250.0
197,1958.791015625,29.0,-2.1405882835388184,0.021991319954395294,0.0006810427876189351,0.03367088362574577,9.999999747378752e-05,250.0
198,1969.784912109375,29.0,-2.144785165786743,0.024956081062555313,0.0006712570902891457,2.5421135425567627,9.999999747378752e-05,250.0
199,2023.527587890625,29.0,-2.154628038406372,0.0014894672203809023,0.0006771385669708252,-1.1299717426300049,9.999999747378752e-05,250.0
200,2100.087158203125,29.0,-2.1530416011810303,0.020845279097557068,0.0006837794207967818,-2.5787057876586914,9.999999747378752e-05,250.0
201,1868.751953125,29.0,-2.1358189582824707,0.0012445145985111594,0.0006761780241504312,-1.9603687524795532,9.999999747378752e-05,250.0
202,1959.1448974609375,29.0,-2.137692928314209,0.02375788986682892,0.0006868619821034372,1.8321294784545898,9.999999747378752e-05,250.0
203,1965.864990234375,29.0,-2.131784677505493,0.0015589736867696047,0.000703556346707046,2.5107617378234863,9.999999747378752e-05,250.0
204,2091.269775390625,29.0,-2.129305601119995,0.0018273831810802221,0.0007029959815554321,-0.9051748514175415,9.999999747378752e-05,250.0
205,1995.515625,29.0,-2.1246633529663086,0.008880260400474072,0.000683986465446651,-0.12824706733226776,9.999999747378752e-05,250.0
206,2089.485595703125,29.0,-2.1471593379974365,0.0019906247034668922,0.0007051058928482234,4.0161967277526855,9.999999747378752e-05,250.0
207,2042.654541015625,29.0,-2.137098550796509,0.026468954980373383,0.0007027650135569274,-1.7943994998931885,9.999999747378752e-05,250.0
208,2040.0260009765625,29.0,-2.1257314682006836,0.0015005915192887187,0.0007037317845970392,-3.2701711654663086,9.999999747378752e-05,250.0
209,2021.290771484375,29.0,-2.130841016769409,0.0014077478554099798,0.0007022012723609805,3.557440757751465,9.999999747378752e-05,250.0
210,2008.7288818359375,29.0,-2.136399269104004,0.021112697198987007,0.0007061533979140222,0.21193939447402954,9.999999747378752e-05,250.0
211,2047.378662109375,29.0,-2.1169536113739014,0.001549959066323936,0.0007101405644789338,1.5978264808654785,9.999999747378752e-05,250.0
212,2084.90087890625,29.0,-2.1119847297668457,0.020894255489110947,0.0007012329297140241,-0.6528564095497131,9.999999747378752e-05,250.0
213,2147.801025390625,29.0,-2.1190145015716553,0.0017305200453847647,0.0007061489741317928,0.43517574667930603,9.999999747378752e-05,250.0
214,2081.91552734375,29.0,-2.117065906524658,0.042936645448207855,0.0007121599046513438,-1.4276643991470337,9.999999747378752e-05,250.0
215,2143.369384765625,29.0,-2.1117489337921143,0.0019299392588436604,0.0007161072571761906,0.5095177888870239,9.999999747378752e-05,250.0
216,1986.251220703125,29.0,-2.11582612991333,0.0011530715273693204,0.0007144567789509892,0.7165006995201111,9.999999747378752e-05,250.0
217,2079.0986328125,29.0,-2.118055582046509,0.058490145951509476,0.0007001266931183636,0.6292662024497986,9.999999747378752e-05,250.0
218,2025.053466796875,29.0,-2.109636068344116,0.0132063589990139,0.0007066259277053177,-0.06876716762781143,9.999999747378752e-05,250.0
219,1952.112060546875,29.0,-2.116353750228882,0.001117377309128642,0.0007130310987122357,2.5299315452575684,9.999999747378752e-05,250.0
220,2079.287841796875,29.0,-2.110466480255127,0.0012425314635038376,0.0007214835495688021,-3.489610433578491,9.999999747378752e-05,250.0
221,2136.980712890625,29.0,-2.1143639087677,0.041064776480197906,0.0007225387962535024,0.2603927552700043,9.999999747378752e-05,250.0
222,2186.51123046875,29.0,-2.098839044570923,0.0016698424005880952,0.0007196302758529782,-0.771407425403595,9.999999747378752e-05,250.0
223,2138.151123046875,29.0,-2.1243605613708496,0.0010917710606008768,0.0007212424534372985,2.987682819366455,9.999999747378752e-05,250.0
224,2160.2490234375,29.0,-2.0903875827789307,0.06454159319400787,0.0007204291759990156,-1.0241659879684448,9.999999747378752e-05,250.0
225,2124.39599609375,29.0,-2.1062252521514893,0.02054370567202568,0.0007402297342196107,0.12878559529781342,9.999999747378752e-05,250.0
226,2108.377685546875,29.0,-2.0859756469726562,0.007614373695105314,0.0007406643126159906,0.14937645196914673,9.999999747378752e-05,250.0
227,2136.7744140625,29.0,-2.0917463302612305,0.05387844145298004,0.0007363832555711269,-1.0381908416748047,9.999999747378752e-05,250.0
228,2146.507568359375,29.0,-2.0760366916656494,0.01977481134235859,0.0007208463503047824,-1.1933997869491577,9.999999747378752e-05,250.0
229,2182.218017578125,29.0,-2.0951225757598877,0.04671800136566162,0.0007168182055465877,5.000349521636963,9.999999747378752e-05,250.0
230,2140.310302734375,29.0,-2.0951809883117676,0.0012146260123699903,0.0007168414304032922,-1.4612655639648438,9.999999747378752e-05,250.0
231,2201.485595703125,29.0,-2.0770695209503174,0.001281381817534566,0.000709248473867774,-2.4012410640716553,9.999999747378752e-05,250.0
232,2088.56591796875,29.0,-2.094505786895752,0.03938904404640198,0.0007324023172259331,-0.40410059690475464,9.999999747378752e-05,250.0
233,2121.893310546875,29.0,-2.0833420753479004,0.001375982421450317,0.0007222556159831583,-1.1263264417648315,9.999999747378752e-05,250.0
234,2067.66357421875,29.0,-2.0670056343078613,0.02018313854932785,0.0007218180107884109,1.9519329071044922,9.999999747378752e-05,250.0
235,2054.839599609375,29.0,-2.083221673965454,0.021984845399856567,0.0007297219708561897,-2.44596791267395,9.999999747378752e-05,250.0
236,2196.97119140625,29.0,-2.072533130645752,0.018370792269706726,0.0007265384774655104,0.14192359149456024,9.999999747378752e-05,250.0
237,2166.66259765625,29.0,-2.0601370334625244,0.0015542306937277317,0.0007308251224458218,-2.7428719997406006,9.999999747378752e-05,250.0
238,2073.0498046875,29.0,-2.063046455383301,0.0011028905864804983,0.0007274678791873157,-2.9780144691467285,9.999999747378752e-05,250.0
239,2167.355224609375,29.0,-2.0784521102905273,0.0014814224559813738,0.0007266390020959079,1.4867806434631348,9.999999747378752e-05,250.0
240,2077.883056640625,29.0,-2.062974214553833,0.002803076058626175,0.0007255473174154758,0.4528976082801819,9.999999747378752e-05,250.0
241,2165.27978515625,29.0,-2.0550403594970703,0.019099527969956398,0.0007143886759877205,-4.02785062789917,9.999999747378752e-05,250.0
242,2120.300048828125,29.0,-2.072218179702759,0.0013459386536851525,0.0007301681325770915,-2.1880998611450195,9.999999747378752e-05,250.0
243,1806.236328125,29.0,-2.0655782222747803,0.0011612029047682881,0.0007243332802318037,1.7517411708831787,9.999999747378752e-05,250.0
244,1950.640625,29.0,-2.0585896968841553,0.0012149831745773554,0.000718636205419898,-1.0955467224121094,9.999999747378752e-05,250.0
245,958.5139770507812,29.0,-2.05519700050354,0.0016771592199802399,0.0007311301305890083,3.262232542037964,9.999999747378752e-05,250.0
246,1302.7822265625,29.0,-2.082827091217041,0.001206547487527132,0.0007304829778149724,1.1653767824172974,9.999999747378752e-05,250.0
247,1852.593505859375,29.0,-2.0711584091186523,0.0011096610687673092,0.0007263227016665041,-1.4395463466644287,9.999999747378752e-05,250.0
248,1795.5589599609375,29.0,-2.053126811981201,0.001579094328917563,0.00074387138010934,1.359416127204895,9.999999747378752e-05,250.0
249,2230.885986328125,29.0,-2.0305557250976562,0.0015078128781169653,0.000743365497328341,-2.288975238800049,9.999999747378752e-05,250.0
250,2159.86376953125,29.0,-2.035451650619507,0.002542125526815653,0.0007469880511052907,-0.010768203064799309,9.999999747378752e-05,250.0
251,2199.125,29.0,-2.057086706161499,0.03955739736557007,0.0007597483927384019,1.2024469375610352,9.999999747378752e-05,250.0
252,2167.43359375,29.0,-2.041731595993042,0.022934112697839737,0.0007603392004966736,1.1631383895874023,9.999999747378752e-05,250.0
253,2217.60595703125,29.0,-2.0428988933563232,0.00115064880810678,0.0007586568826809525,-4.130593299865723,9.999999747378752e-05,250.0
254,2163.345947265625,29.0,-2.0515899658203125,0.0393829308450222,0.0007689496851526201,0.24343787133693695,9.999999747378752e-05,250.0
255,2234.52099609375,29.0,-2.044947862625122,0.02024238556623459,0.0007659773691557348,1.491670846939087,9.999999747378752e-05,250.0
256,2111.38623046875,29.0,-2.0278680324554443,0.0014266970101743937,0.0007493622251786292,-3.2995705604553223,9.999999747378752e-05,250.0
257,2285.229736328125,29.0,-2.039405107498169,0.00144154392182827,0.0007480805506929755,-1.2588751316070557,9.999999747378752e-05,250.0
258,2286.14404296875,29.0,-2.0228631496429443,0.021875081583857536,0.0007449054392054677,0.8491330742835999,9.999999747378752e-05,250.0
259,2209.49755859375,29.0,-2.046290636062622,0.016631323844194412,0.0007380899623967707,2.0330870151519775,9.999999747378752e-05,250.0
260,2215.02294921875,29.0,-2.038355588912964,0.001127883791923523,0.0007522485102526844,0.7512504458427429,9.999999747378752e-05,250.0
261,2280.768310546875,29.0,-2.0404739379882812,0.0015098628355190158,0.0007542652892880142,-2.7535290718078613,9.999999747378752e-05,250.0
262,2193.021728515625,29.0,-2.0675063133239746,0.02172967791557312,0.0007603036356158555,-1.5245834589004517,9.999999747378752e-05,250.0
263,2246.018798828125,29.0,-2.0417842864990234,0.0013272501528263092,0.0007598850061185658,0.35673490166664124,9.999999747378752e-05,250.0
264,2255.09912109375,29.0,-2.024583101272583,0.01820775866508484,0.0007537382189184427,1.9327431917190552,9.999999747378752e-05,250.0
265,2148.438232421875,29.0,-2.015568256378174,0.03885556012392044,0.0007667466416023672,-1.8836452960968018,9.999999747378752e-05,250.0
266,2246.422607421875,29.0,-2.0137839317321777,0.021000800654292107,0.0007569231675006449,0.5443826913833618,9.999999747378752e-05,250.0
267,2244.547607421875,29.0,-2.049013376235962,0.0010239039547741413,0.0007575402851216495,-0.8897576928138733,9.999999747378752e-05,250.0
268,2220.762451171875,29.0,-2.0193862915039062,0.02399381250143051,0.0007561565726064146,-4.171584606170654,9.999999747378752e-05,250.0
269,2317.990234375,29.0,-2.026038408279419,0.061249613761901855,0.0007441907073371112,-0.2992381453514099,9.999999747378752e-05,250.0
270,2292.18896484375,29.0,-2.0261595249176025,0.0014742824714630842,0.0007278468110598624,-0.5061724781990051,9.999999747378752e-05,250.0
271,2240.881591796875,29.0,-2.0241312980651855,0.0015857797116041183,0.0007429518736898899,1.2402657270431519,9.999999747378752e-05,250.0
272,2248.38720703125,29.0,-2.0467135906219482,0.0014262443874031305,0.0007366585778072476,-0.8139079213142395,9.999999747378752e-05,250.0
273,2236.99658203125,30.0,-2.034172296524048,0.039167389273643494,0.0007504542591050267,0.5124531984329224,9.999999747378752e-05,250.0
274,2250.3515625,30.0,-2.020517587661743,0.0015433474909514189,0.0007386962533928454,0.5629214644432068,9.999999747378752e-05,250.0
275,2248.832275390625,29.0,-2.025083065032959,0.001240003271959722,0.0007410875987261534,-0.2632361650466919,9.999999747378752e-05,250.0
276,2319.554443359375,30.0,-1.9989653825759888,0.03868278115987778,0.0007560052326880395,-0.9241416454315186,9.999999747378752e-05,250.0
277,2343.281494140625,30.0,-2.0070838928222656,0.0278512891381979,0.0007531795999966562,-0.3723156750202179,9.999999747378752e-05,250.0
278,2327.06005859375,30.0,-2.0088417530059814,0.03518516942858696,0.0007524978136643767,-0.5047776699066162,9.999999747378752e-05,250.0
279,2165.37060546875,29.0,-2.0236315727233887,0.02245892956852913,0.0007634522626176476,1.926640272140503,9.999999747378752e-05,250.0
280,2305.302001953125,29.0,-2.0040814876556396,0.0014929473400115967,0.000767991878092289,-1.2691731452941895,9.999999747378752e-05,250.0
281,2282.79833984375,29.0,-2.006194829940796,0.021976830437779427,0.0007785066845826805,-0.5366783142089844,9.999999747378752e-05,250.0
282,2294.52099609375,29.0,-2.007642984390259,0.001505687483586371,0.0007804345805197954,-0.5319713950157166,9.999999747378752e-05,250.0
283,2255.177490234375,29.0,-2.0026066303253174,0.002820132300257683,0.0007665755692869425,-2.18400239944458,9.999999747378752e-05,250.0
284,2378.31494140625,29.0,-2.00575590133667,0.02309541590511799,0.0007598415249958634,1.66827392578125,9.999999747378752e-05,250.0
285,2219.210205078125,29.0,-2.0192787647247314,0.019064873456954956,0.0007531881565228105,0.3945428431034088,9.999999747378752e-05,250.0
286,2257.17236328125,29.0,-2.0058515071868896,0.020791370421648026,0.0007576324278488755,-1.599908709526062,9.999999747378752e-05,250.0
287,2317.79248046875,29.0,-1.9866210222244263,0.001801714999601245,0.000759732152801007,-2.339813232421875,9.999999747378752e-05,250.0
288,2239.337890625,29.0,-1.998284101486206,0.0011401260271668434,0.0007560260710306466,0.7310394048690796,9.999999747378752e-05,250.0
289,2308.01123046875,29.0,-1.9966552257537842,0.03323160111904144,0.0007604533457197249,1.8879928588867188,9.999999747378752e-05,250.0
290,2349.9287109375,29.0,-2.003302574157715,0.001466232119128108,0.0007670223712921143,-3.5845935344696045,9.999999747378752e-05,250.0
291,2318.4580078125,29.0,-1.9967504739761353,0.0014184188330546021,0.0007411935948766768,-1.645479440689087,9.999999747378752e-05,250.0
292,2288.8310546875,29.0,-2.0071215629577637,0.019934628158807755,0.0007382413605228066,4.716951847076416,9.999999747378752e-05,250.0
293,2194.70849609375,29.0,-1.9920732975006104,0.02260006032884121,0.0007324340986087918,-3.6258318424224854,9.999999747378752e-05,250.0
294,2283.207275390625,29.0,-1.995646357536316,0.01608266681432724,0.0007285433239303529,1.4297066926956177,9.999999747378752e-05,250.0
295,2291.10595703125,29.0,-1.991534948348999,0.001145548652857542,0.0007413615239784122,2.530822277069092,9.999999747378752e-05,250.0
296,2324.55908203125,29.0,-1.9850349426269531,0.021226301789283752,0.0007291762158274651,-3.228625774383545,9.999999747378752e-05,250.0
297,2342.00439453125,29.0,-1.9921610355377197,0.0013608699664473534,0.0007317569106817245,2.5316526889801025,9.999999747378752e-05,250.0
298,2259.4296875,29.0,-1.9862624406814575,0.021476564928889275,0.0007502471562474966,-0.4258858263492584,9.999999747378752e-05,250.0
299,2305.612548828125,29.0,-1.9933867454528809,0.019442152231931686,0.0007449522381648421,-1.607651948928833,9.999999747378752e-05,250.0
300,2335.822509765625,29.0,-1.9919406175613403,0.0009709155419841409,0.0007396087748929858,-1.8300014734268188,9.999999747378752e-05,250.0
301,2336.89208984375,29.0,-1.9882045984268188,0.0009589543333277106,0.000740062037948519,1.5671823024749756,9.999999747378752e-05,250.0
302,2303.404541015625,29.0,-1.9810298681259155,0.007751516066491604,0.0007343224715441465,1.2768032550811768,9.999999747378752e-05,250.0
303,2349.67822265625,29.0,-1.9903488159179688,0.021555647253990173,0.0007268153713084757,-4.782609939575195,9.999999747378752e-05,250.0
304,2321.92138671875,29.0,-1.989062786102295,0.001287583028897643,0.0007419726462103426,-1.3846607208251953,9.999999747378752e-05,250.0
305,2333.23291015625,29.0,-2.0039925575256348,0.0010849160607904196,0.0007436444284394383,-2.138068914413452,9.999999747378752e-05,250.0
306,2305.452880859375,29.0,-1.992946982383728,0.0010546401608735323,0.0007417862070724368,2.1934051513671875,9.999999747378752e-05,250.0
307,2292.882568359375,29.0,-1.985095500946045,0.0012818609829992056,0.0007335763657465577,2.886939525604248,9.999999747378752e-05,250.0
308,2397.601806640625,29.0,-1.9799206256866455,0.0013717471156269312,0.000754818320274353,2.180248737335205,9.999999747378752e-05,250.0
309,2347.625732421875,29.0,-1.982916235923767,0.01983863115310669,0.0007618960808031261,-1.337728500366211,9.999999747378752e-05,250.0
310,2311.27392578125,29.0,-2.0041911602020264,0.0012776399962604046,0.0007668270845897496,-2.9172213077545166,9.999999747378752e-05,250.0
311,2324.1494140625,29.0,-2.0033278465270996,0.017781231552362442,0.0007604229031130672,2.9287972450256348,9.999999747378752e-05,250.0
312,2344.3544921875,29.0,-1.9725632667541504,0.02105351909995079,0.0007473542355000973,-1.4673115015029907,9.999999747378752e-05,250.0
313,2330.90234375,29.0,-1.989461064338684,0.018363509327173233,0.0007309614447876811,-1.0136711597442627,9.999999747378752e-05,250.0
314,2352.154541015625,29.0,-1.9924744367599487,0.0013272239593788981,0.0007458220352418721,2.1467623710632324,9.999999747378752e-05,250.0
315,2316.80224609375,29.0,-1.9800753593444824,0.04001598432660103,0.0007457683095708489,1.070701241493225,9.999999747378752e-05,250.0
316,2367.467529296875,29.0,-1.9930154085159302,0.0010256348177790642,0.0007521886145696044,1.0387732982635498,9.999999747378752e-05,250.0
317,2334.323974609375,29.0,-1.9978199005126953,0.0011313122231513262,0.0007611941546201706,-0.8309094309806824,9.999999747378752e-05,250.0
318,2291.845947265625,29.0,-2.0198311805725098,0.021437129005789757,0.0007463852525688708,0.3708634078502655,9.999999747378752e-05,250.0
319,2333.44482421875,29.0,-1.9808162450790405,0.04135450720787048,0.0007459628977812827,1.1453579664230347,9.999999747378752e-05,250.0
320,2302.228271484375,29.0,-1.9866100549697876,0.02249673381447792,0.0007409628597088158,3.681062936782837,9.999999747378752e-05,250.0
321,2289.81787109375,29.0,-1.9852755069732666,0.0012999528553336859,0.0007445396622642875,3.125976800918579,9.999999747378752e-05,250.0
322,2307.97998046875,29.0,-2.0012435913085938,0.0011042978148907423,0.000751738203689456,-1.966683268547058,9.999999747378752e-05,250.0
323,2316.845703125,29.0,-1.9928338527679443,0.024293402209877968,0.0007537820492871106,-0.5658677816390991,9.999999747378752e-05,250.0
324,2389.70361328125,29.0,-1.9776331186294556,0.0014764997176826,0.0007420151378028095,-3.98419451713562,9.999999747378752e-05,250.0
325,2343.2265625,29.0,-1.9728775024414062,0.022356394678354263,0.000724953890312463,-3.222576856613159,9.999999747378752e-05,250.0
326,2392.33056640625,29.0,-2.011302947998047,0.012119600549340248,0.0007274856325238943,2.550957202911377,9.999999747378752e-05,250.0
327,2332.5361328125,30.0,-1.9878954887390137,0.0017020228551700711,0.0007425884832628071,3.62290096282959,9.999999747378752e-05,250.0
328,2339.340576171875,30.0,-2.0016112327575684,0.00149959372356534,0.0007446855888701975,0.563035249710083,9.999999747378752e-05,250.0
329,2387.349853515625,30.0,-1.9793691635131836,0.02913305163383484,0.0007481383509002626,-0.5491831302642822,9.999999747378752e-05,250.0
330,2269.882080078125,30.0,-1.9907512664794922,0.02024824172258377,0.0007445556693710387,-1.6151217222213745,9.999999747378752e-05,250.0
331,2278.67041015625,30.0,-1.9866292476654053,0.0018446380272507668,0.0007416210137307644,0.7140783667564392,9.999999747378752e-05,250.0
332,2348.57177734375,30.0,-1.9958012104034424,0.0012423719745129347,0.0007457288447767496,-1.5259156227111816,9.999999747378752e-05,250.0
333,2392.09912109375,30.0,-1.9771770238876343,0.001450499054044485,0.000757359666749835,0.04792678728699684,9.999999747378752e-05,250.0
334,2376.318359375,30.0,-2.000256061553955,0.019729625433683395,0.0007601155084557831,3.0501201152801514,9.999999747378752e-05,250.0
335,2342.04248046875,30.0,-1.999534010887146,0.04226336628198624,0.0007560380036011338,3.6527698040008545,9.999999747378752e-05,250.0
336,2349.12451171875,30.0,-1.9965051412582397,0.021881062537431717,0.0007524479879066348,1.3509963750839233,9.999999747378752e-05,250.0
337,2404.37548828125,30.0,-1.9971345663070679,0.017919067293405533,0.0007542969542555511,0.7069520354270935,9.999999747378752e-05,250.0
338,2439.283935546875,30.0,-1.9851826429367065,0.0010813036933541298,0.0007584941922686994,-1.6528568267822266,9.999999747378752e-05,250.0
339,2371.163330078125,30.0,-1.9965521097183228,0.022790677845478058,0.0007565475534647703,1.7912250757217407,9.999999747378752e-05,250.0
340,2373.4345703125,30.0,-2.005502223968506,0.02195141837000847,0.0007602325640618801,-1.8684356212615967,9.999999747378752e-05,250.0
341,2356.823974609375,30.0,-1.992869257926941,0.0012795912334695458,0.0007514239405281842,-0.6708881855010986,9.999999747378752e-05,250.0
342,2360.59912109375,30.0,-2.008145809173584,0.03565704822540283,0.0007483660010620952,1.5181313753128052,9.999999747378752e-05,250.0
343,2361.366455078125,30.0,-2.016082525253296,0.008830614387989044,0.00075336272129789,0.4682275354862213,9.999999747378752e-05,250.0
344,2382.575439453125,30.0,-1.9981746673583984,0.021648012101650238,0.0007573037291876972,-1.4860330820083618,9.999999747378752e-05,250.0
345,2340.92431640625,30.0,-2.014894723892212,0.02065052092075348,0.000751387036871165,-0.47434064745903015,9.999999747378752e-05,250.0
346,2383.010498046875,30.0,-1.9959075450897217,0.0011205797782167792,0.0007497507613152266,-1.6193201541900635,9.999999747378752e-05,250.0
347,2349.62353515625,30.0,-1.9928557872772217,0.030229274183511734,0.0007413894636556506,2.006594181060791,9.999999747378752e-05,250.0
348,2348.52587890625,30.0,-2.0111589431762695,0.0010527323465794325,0.0007448308169841766,-0.23980075120925903,9.999999747378752e-05,250.0
349,2372.148681640625,30.0,-1.9880743026733398,0.006232693325728178,0.0007489117560908198,2.7220921516418457,9.999999747378752e-05,250.0
350,2321.4306640625,30.0,-2.0093915462493896,0.0009679269278421998,0.0007585553103126585,0.34083953499794006,9.999999747378752e-05,250.0
351,2350.93896484375,30.0,-1.9892807006835938,0.019052965566515923,0.0007480073836632073,-6.976078987121582,9.999999747378752e-05,250.0
352,2361.365478515625,30.0,-1.999451756477356,0.001164016081020236,0.0007486446993425488,1.4261136054992676,9.999999747378752e-05,250.0
353,2387.89794921875,30.0,-2.0003020763397217,0.0011186099145561457,0.0007526047993451357,1.7151877880096436,9.999999747378752e-05,250.0
354,2346.9091796875,30.0,-1.9880125522613525,0.0017695710994303226,0.000734585162717849,-0.2468205988407135,9.999999747378752e-05,250.0
355,2327.623779296875,30.0,-2.0010526180267334,0.0014046025462448597,0.0007442791247740388,0.437233030796051,9.999999747378752e-05,250.0
356,2346.77978515625,30.0,-2.0051345825195312,0.008404526859521866,0.0007477874169126153,-1.5494401454925537,9.999999747378752e-05,250.0
357,2392.393798828125,30.0,-1.980013132095337,0.035490959882736206,0.0007638385868631303,-0.6415961980819702,9.999999747378752e-05,250.0
358,2370.9521484375,30.0,-1.9978301525115967,0.020466545596718788,0.0007474451558664441,-0.09198020398616791,9.999999747378752e-05,250.0
359,2386.922607421875,30.0,-1.9888004064559937,0.0013860603794455528,0.0007442723144777119,-0.46472257375717163,9.999999747378752e-05,250.0
360,2397.71923828125,30.0,-2.004136800765991,0.039156682789325714,0.0007426848169416189,-1.9397257566452026,9.999999747378752e-05,250.0
361,2356.273193359375,30.0,-1.9963887929916382,0.0013054796727374196,0.0007469207048416138,-0.6292569041252136,9.999999747378752e-05,250.0
362,2413.27783203125,30.0,-2.0114259719848633,0.0012754478957504034,0.0007483759545721114,-0.6679807901382446,9.999999747378752e-05,250.0
363,2398.09912109375,30.0,-1.9946433305740356,0.021505339071154594,0.0007575486088171601,2.0298497676849365,9.999999747378752e-05,250.0
364,2394.19189453125,30.0,-1.9877861738204956,0.0012556333094835281,0.0007579366792924702,1.4558918476104736,9.999999747378752e-05,250.0
365,2361.92138671875,30.0,-2.0039336681365967,0.0009099600138142705,0.0007582167745567858,1.2089653015136719,9.999999747378752e-05,250.0
366,2399.338623046875,30.0,-1.970834732055664,0.020146159455180168,0.0007455418235622346,-1.0384278297424316,9.999999747378752e-05,250.0
367,2396.72119140625,30.0,-1.9942430257797241,0.0011086517479270697,0.0007596705690957606,0.7125201225280762,9.999999747378752e-05,250.0
368,2385.568359375,30.0,-1.9954264163970947,0.02165423333644867,0.00076910515781492,1.6409306526184082,9.999999747378752e-05,250.0
369,2323.609130859375,30.0,-1.978664517402649,0.017850428819656372,0.00076536915730685,-2.631768226623535,9.999999747378752e-05,250.0
370,2425.52685546875,30.0,-1.9936010837554932,0.0009273614850826561,0.0007760530570521951,4.235564708709717,9.999999747378752e-05,250.0
371,2395.71630859375,30.0,-1.9687753915786743,0.0018032448133453727,0.0007852042908780277,-3.212557792663574,9.999999747378752e-05,250.0
372,2361.842041015625,30.0,-1.9869537353515625,0.0008682945044711232,0.0007595578790642321,1.323270559310913,9.999999747378752e-05,250.0
373,2304.177490234375,30.0,-1.991679310798645,0.024616165086627007,0.0007588675362057984,0.0695229321718216,9.999999747378752e-05,250.0
374,2321.739013671875,30.0,-2.0009734630584717,0.05112812668085098,0.0007629537140019238,-2.2648441791534424,9.999999747378752e-05,250.0
375,2445.146484375,30.0,-1.9898759126663208,0.0012383658904582262,0.0007694943924434483,1.1726423501968384,9.999999747378752e-05,250.0
376,2388.830810546875,30.0,-1.9985418319702148,0.026854533702135086,0.0007508419221267104,-3.2282397747039795,9.999999747378752e-05,250.0
377,2416.9140625,30.0,-1.9882149696350098,0.020705295726656914,0.0007481693755835295,1.127819299697876,9.999999747378752e-05,250.0
378,2351.12353515625,30.0,-1.984562635421753,0.02096705511212349,0.0007593456539325416,0.625778079032898,9.999999747378752e-05,250.0
379,2353.473388671875,30.0,-2.0096275806427,0.02270936220884323,0.0007718051201663911,0.6599816679954529,9.999999747378752e-05,250.0
380,2425.00927734375,30.0,-1.9922144412994385,0.0010466540697962046,0.0007616912480443716,-4.043657302856445,9.999999747378752e-05,250.0
381,2400.9853515625,30.0,-2.006275177001953,0.0009439339628443122,0.0007486097165383399,-3.6418721675872803,9.999999747378752e-05,250.0
382,2343.57470703125,30.0,-1.9934839010238647,0.0009483835310675204,0.0007472548168152571,2.4657411575317383,9.999999747378752e-05,250.0
383,2383.97265625,30.0,-1.9839184284210205,0.01608513481914997,0.0007551854941993952,-1.9795992374420166,9.999999747378752e-05,250.0
384,2400.002685546875,30.0,-1.9705581665039062,0.0018705662805587053,0.0007584109553135931,-0.36003875732421875,9.999999747378752e-05,250.0
385,2385.800537109375,30.0,-1.974711537361145,0.001136890845373273,0.0007559629739262164,2.0815322399139404,9.999999747378752e-05,250.0
386,2411.225830078125,30.0,-1.9954047203063965,0.039133500307798386,0.0007441421621479094,0.577994704246521,9.999999747378752e-05,250.0
387,2341.345947265625,30.0,-1.9890788793563843,0.0010294318199157715,0.0007437465828843415,-1.0250623226165771,9.999999747378752e-05,250.0
388,2368.152099609375,30.0,-1.9919689893722534,0.0009474657126702368,0.0007617169758304954,0.8576561808586121,9.999999747378752e-05,250.0
389,2371.2978515625,30.0,-1.9752981662750244,0.0174885131418705,0.0007505573448725045,0.3374696671962738,9.999999747378752e-05,250.0
390,2406.109375,30.0,-1.970241904258728,0.0007438416359946132,0.0007362726028077304,-0.969651460647583,9.999999747378752e-05,250.0
391,2360.97314453125,30.0,-1.9921975135803223,0.0011756712337955832,0.0007298096898011863,2.731252908706665,9.999999747378752e-05,250.0
392,2374.77490234375,30.0,-2.000776529312134,0.0009294266346842051,0.0007450677221640944,-0.8491043448448181,9.999999747378752e-05,250.0
393,2321.54736328125,30.0,-1.9915529489517212,0.05661030486226082,0.0007524842512793839,-1.8878778219223022,9.999999747378752e-05,250.0
394,2396.102783203125,30.0,-1.968656301498413,0.0580575093626976,0.0007496270118281245,0.2974974811077118,9.999999747378752e-05,250.0
395,2430.22802734375,30.0,-1.9820607900619507,0.00097314128652215,0.0007528750575147569,-2.830432653427124,9.999999747378752e-05,250.0
396,2368.08935546875,30.0,-1.9876307249069214,0.018884755671024323,0.000755899993237108,-2.3076343536376953,9.999999747378752e-05,250.0
397,2371.43115234375,30.0,-1.9821909666061401,0.021086758002638817,0.0007548140129074454,1.3317970037460327,9.999999747378752e-05,250.0
398,2412.13623046875,30.0,-1.986369013786316,0.018956530839204788,0.0007476301398128271,-0.4139755070209503,9.999999747378752e-05,250.0
399,2335.999755859375,30.0,-1.9716421365737915,0.01707400381565094,0.0007473703008145094,4.504918098449707,9.999999747378752e-05,250.0
400,2331.52392578125,30.0,-1.9824267625808716,0.004069165792316198,0.0007461001514457166,0.9052574038505554,9.999999747378752e-05,250.0
401,2392.071533203125,30.0,-1.9962068796157837,0.001010890118777752,0.0007427691016346216,3.0615978240966797,9.999999747378752e-05,250.0
402,2400.12744140625,30.0,-1.9661173820495605,0.08575089275836945,0.0007435593288391829,-1.0588728189468384,9.999999747378752e-05,250.0
403,2386.01025390625,30.0,-1.9694222211837769,0.000983568374067545,0.000742367235943675,2.218573808670044,9.999999747378752e-05,250.0
404,2399.412109375,30.0,-1.9623225927352905,0.06640397012233734,0.0007330347434617579,-4.218140125274658,9.999999747378752e-05,250.0
405,2383.973388671875,30.0,-1.9822384119033813,0.000969800166785717,0.000737287977244705,-1.7753088474273682,9.999999747378752e-05,250.0
406,2398.7294921875,30.0,-1.9886202812194824,0.02087320014834404,0.0007330567459575832,0.6727727651596069,9.999999747378752e-05,250.0
407,2471.83642578125,30.0,-1.9747613668441772,0.0011858920333907008,0.0007232312927953899,-0.6882169246673584,9.999999747378752e-05,250.0
408,2317.363037109375,30.0,-1.9785032272338867,0.020734045654535294,0.0007313076057471335,-2.258859395980835,9.999999747378752e-05,250.0
409,2339.385498046875,30.0,-1.9615157842636108,0.05797296762466431,0.0007380336755886674,-0.4093722403049469,9.999999747378752e-05,250.0
410,2356.80126953125,30.0,-1.9768612384796143,0.0009566249791532755,0.000735672889277339,-3.1407699584960938,9.999999747378752e-05,250.0
411,2366.38037109375,30.0,-1.9721310138702393,0.021425919607281685,0.0007321065641008317,0.373136967420578,9.999999747378752e-05,250.0
412,2421.457763671875,30.0,-1.9696400165557861,0.0386282354593277,0.0007430606638081372,-0.9568211436271667,9.999999747378752e-05,250.0
413,2404.1787109375,30.0,-1.9854650497436523,0.0010423912899568677,0.0007483131485059857,0.1142965704202652,9.999999747378752e-05,250.0
414,2424.949462890625,30.0,-1.9715843200683594,0.03821108490228653,0.0007311088847927749,1.7595973014831543,9.999999747378752e-05,250.0
415,2407.607421875,30.0,-1.9644522666931152,0.0010603521950542927,0.000731925421860069,-1.719507098197937,9.999999747378752e-05,250.0
416,2395.47314453125,30.0,-1.9738378524780273,0.0007662973366677761,0.0007436916348524392,0.9971268773078918,9.999999747378752e-05,250.0
417,2337.935302734375,30.0,-1.9735912084579468,0.0009370918851345778,0.0007389739039354026,-0.03426414355635643,9.999999747378752e-05,250.0
418,2399.57177734375,30.0,-1.9592382907867432,0.04025670513510704,0.0007432774873450398,-1.4057281017303467,9.999999747378752e-05,250.0
419,2420.180908203125,30.0,-1.9691104888916016,0.0009333383641205728,0.0007455045124515891,1.8082588911056519,9.999999747378752e-05,250.0
420,2450.296875,30.0,-1.9620075225830078,0.020951487123966217,0.0007393799023702741,0.4206983149051666,9.999999747378752e-05,250.0
421,2371.79150390625,30.0,-1.9603112936019897,0.05553879216313362,0.0007284328457899392,1.3942638635635376,9.999999747378752e-05,250.0
422,2342.7001953125,30.0,-1.9824684858322144,0.0009395339293405414,0.0007371280225925148,-1.0538406372070312,9.999999747378752e-05,250.0
423,2355.9326171875,30.0,-1.956419825553894,0.0010512287262827158,0.0007404475472867489,-0.6329066753387451,9.999999747378752e-05,250.0
424,2363.033935546875,30.0,-1.9640859365463257,0.01926777884364128,0.0007404457428492606,5.426184177398682,9.999999747378752e-05,250.0
425,2391.29443359375,30.0,-1.9587175846099854,0.002438467228785157,0.0007442596252076328,0.6283795833587646,9.999999747378752e-05,250.0
426,2392.935302734375,30.0,-1.9734232425689697,0.0011838345089927316,0.0007493318989872932,-1.1633507013320923,9.999999747378752e-05,250.0
427,2393.607666015625,30.0,-1.964220643043518,0.010520962998270988,0.0007456737221218646,-2.740053415298462,9.999999747378752e-05,250.0
428,2326.774169921875,30.0,-1.9640039205551147,0.05261648818850517,0.0007186491857282817,-1.0521740913391113,9.999999747378752e-05,250.0
429,2358.249267578125,30.0,-1.9669692516326904,0.020987924188375473,0.0007260591955855489,2.3838181495666504,9.999999747378752e-05,250.0
430,2419.70458984375,30.0,-1.955440878868103,0.035063378512859344,0.0007402032497338951,-1.3701127767562866,9.999999747378752e-05,250.0
431,2413.1318359375,30.0,-1.9746659994125366,0.025642307475209236,0.0007359444862231612,1.156222939491272,9.999999747378752e-05,250.0
432,2417.73046875,30.0,-1.9871467351913452,0.02449389174580574,0.0007406036020256579,-0.43990838527679443,9.999999747378752e-05,250.0
433,2395.310546875,30.0,-1.9687168598175049,0.02525859698653221,0.0007459010230377316,-3.289309024810791,9.999999747378752e-05,250.0
434,2384.908447265625,30.0,-1.9763517379760742,0.03939314931631088,0.0007592732436023653,1.2237845659255981,9.999999747378752e-05,250.0
435,2366.09814453125,30.0,-1.9767833948135376,0.04146730154752731,0.0007575301569886506,2.837015390396118,9.999999747378752e-05,250.0
436,2408.127685546875,30.0,-1.9868078231811523,0.02087341621518135,0.0007362505421042442,-1.8597129583358765,9.999999747378752e-05,250.0
437,2412.07177734375,30.0,-1.995530605316162,0.0009596490417607129,0.0007410568650811911,-0.7876924872398376,9.999999747378752e-05,250.0
438,2356.475830078125,30.0,-1.9837255477905273,0.020790157839655876,0.0007458828040398657,0.31068098545074463,9.999999747378752e-05,250.0
439,2400.44580078125,30.0,-1.9862313270568848,0.0009145499207079411,0.0007355651468969882,-1.6430877447128296,9.999999747378752e-05,250.0
440,2415.3232421875,30.0,-1.9861395359039307,0.0008861391106620431,0.000721333606634289,0.18309375643730164,9.999999747378752e-05,250.0
441,2416.38818359375,30.0,-1.9778532981872559,0.0008627511560916901,0.0007261495338752866,1.4114937782287598,9.999999747378752e-05,250.0
442,2408.960693359375,30.0,-1.9694651365280151,0.04821262136101723,0.0007455265149474144,0.11709655821323395,9.999999747378752e-05,250.0
443,2389.772216796875,30.0,-1.994627833366394,0.0005832387250848114,0.0007440892513841391,-0.40807977318763733,9.999999747378752e-05,250.0
444,2426.283935546875,30.0,-1.9918982982635498,0.02119678258895874,0.0007637198432348669,1.2283076047897339,9.999999747378752e-05,250.0
445,2342.04541015625,30.0,-1.9720147848129272,0.038636498153209686,0.0007554563926532865,-4.103719234466553,9.999999747378752e-05,250.0
446,2387.263916015625,30.0,-1.9635125398635864,0.0030433377251029015,0.0007441488560289145,-3.4171431064605713,9.999999747378752e-05,250.0
447,2394.421630859375,30.0,-1.9810954332351685,0.0009282854152843356,0.0007330917287617922,0.2395935207605362,9.999999747378752e-05,250.0
448,2389.503173828125,30.0,-1.9777599573135376,0.04131869971752167,0.0007357598515227437,-1.0687540769577026,9.999999747378752e-05,250.0
449,2438.67431640625,30.0,-1.9867894649505615,0.000758134585339576,0.0007352808024734259,-1.1367809772491455,9.999999747378752e-05,250.0
450,2450.78759765625,30.0,-1.9820448160171509,0.019526399672031403,0.000732440035790205,-4.36737585067749,9.999999747378752e-05,250.0
451,2413.160888671875,30.0,-1.9696811437606812,0.0009565536165609956,0.0007385159260593355,-0.9693427681922913,9.999999747378752e-05,250.0
452,2362.632080078125,30.0,-2.004565954208374,0.003969065845012665,0.0007389217498712242,0.49012047052383423,9.999999747378752e-05,250.0
453,2455.66357421875,30.0,-1.9815973043441772,0.021401654928922653,0.0007333024987019598,-1.4210528135299683,9.999999747378752e-05,250.0
454,2398.212158203125,30.0,-1.9712456464767456,0.007419444154947996,0.0007235403754748404,2.5173110961914062,9.999999747378752e-05,250.0
455,2483.59716796875,30.0,-1.982570767402649,0.02102777361869812,0.0007213693461380899,1.6662851572036743,9.999999747378752e-05,250.0
456,2436.442626953125,30.0,-1.9836088418960571,0.04136733338236809,0.0007302907761186361,1.1875896453857422,9.999999747378752e-05,250.0
457,2376.90869140625,30.0,-1.992024302482605,0.021942276507616043,0.000724692945368588,-1.8073198795318604,9.999999747378752e-05,250.0
458,2429.869873046875,30.0,-1.9815810918807983,0.05121941119432449,0.0007272025686688721,-0.45166921615600586,9.999999747378752e-05,250.0
459,2380.25244140625,30.0,-1.9833104610443115,0.0013918837066739798,0.0007305871695280075,0.9507880806922913,9.999999747378752e-05,250.0
460,2415.25244140625,30.0,-2.012928009033203,0.02072465792298317,0.0007356033893302083,2.9134600162506104,9.999999747378752e-05,250.0
461,2387.81884765625,30.0,-1.9536008834838867,0.021299321204423904,0.0007308766944333911,-2.0820629596710205,9.999999747378752e-05,250.0
462,2398.35400390625,30.0,-1.9925310611724854,0.0005721890483982861,0.0007351202075369656,0.16441337764263153,9.999999747378752e-05,250.0
463,2417.83154296875,30.0,-1.993000864982605,0.020956270396709442,0.0007162145338952541,1.4558154344558716,9.999999747378752e-05,250.0
464,2382.039794921875,30.0,-1.9814116954803467,0.0036602718755602837,0.0007140396046452224,0.23610877990722656,9.999999747378752e-05,250.0
465,2387.379638671875,30.0,-1.989931583404541,0.02048252895474434,0.0007342973258346319,-2.7161667346954346,9.999999747378752e-05,250.0
466,2354.175048828125,30.0,-1.986020803451538,0.020797424018383026,0.0007420419715344906,-3.1245250701904297,9.999999747378752e-05,250.0
467,2440.181884765625,30.0,-1.9705185890197754,0.04115641117095947,0.0007303701131604612,-2.1073951721191406,9.999999747378752e-05,250.0
468,2367.14892578125,30.0,-1.9836535453796387,0.0009074435220099986,0.0007353242835961282,0.5133792161941528,9.999999747378752e-05,250.0
469,2452.4267578125,30.0,-1.9776417016983032,0.019557427614927292,0.000739831302780658,-2.6089160442352295,9.999999747378752e-05,250.0
470,2435.80029296875,30.0,-1.9710627794265747,0.03766156733036041,0.0007322751916944981,-1.7607216835021973,9.999999747378752e-05,250.0
471,2415.134521484375,30.0,-2.003365993499756,0.0009476417326368392,0.0007189625175669789,-0.6675028800964355,9.999999747378752e-05,250.0
472,2399.90869140625,30.0,-1.991324782371521,0.02096237801015377,0.0007176126819103956,3.0724432468414307,9.999999747378752e-05,250.0
473,2361.007080078125,30.0,-1.9603348970413208,0.01984192430973053,0.00072573556099087,0.22349707782268524,9.999999747378752e-05,250.0
474,2471.24169921875,30.0,-1.9785213470458984,0.028760835528373718,0.0007352239917963743,4.82228946685791,9.999999747378752e-05,250.0
475,2383.32470703125,30.0,-1.9699636697769165,0.01986301690340042,0.0007307941559702158,0.15240997076034546,9.999999747378752e-05,250.0
476,2442.91259765625,30.0,-1.9722683429718018,0.0353468656539917,0.0007222556159831583,0.26305219531059265,9.999999747378752e-05,250.0
477,2375.52294921875,30.0,-1.9836065769195557,0.0008242947515100241,0.000724182347767055,2.200777530670166,9.999999747378752e-05,250.0
478,2450.504638671875,30.0,-1.9677654504776,0.020757686346769333,0.0007213067729026079,-0.6714335680007935,9.999999747378752e-05,250.0
479,2420.70654296875,30.0,-1.9852840900421143,0.0009183138608932495,0.0007243857835419476,-2.0198967456817627,9.999999747378752e-05,250.0
480,2417.186279296875,30.0,-1.9750317335128784,0.0009890040382742882,0.0007178289233706892,0.026081617921590805,9.999999747378752e-05,250.0
481,2424.368408203125,30.0,-1.989846110343933,0.0007922289078123868,0.0007189696771092713,1.8738019466400146,9.999999747378752e-05,250.0
482,2235.881591796875,30.0,-1.9887428283691406,0.0012768267188221216,0.000728051585610956,-0.9736143946647644,9.999999747378752e-05,250.0
483,2441.274169921875,30.0,-1.9737502336502075,0.02106282487511635,0.0007205192232504487,0.8617222905158997,9.999999747378752e-05,250.0
484,2399.561279296875,30.0,-1.9736520051956177,0.0008444219711236656,0.0007175651262514293,0.683143675327301,9.999999747378752e-05,250.0
485,2413.29736328125,30.0,-1.9865957498550415,0.020607221871614456,0.0007128333090804517,0.44270139932632446,9.999999747378752e-05,250.0
486,2369.7646484375,30.0,-1.988139033317566,0.0006299403612501919,0.0007224554428830743,0.7742332816123962,9.999999747378752e-05,250.0
487,2375.061767578125,30.0,-1.981823205947876,0.0310943853110075,0.0007189638563431799,2.6320977210998535,9.999999747378752e-05,250.0
488,2430.596435546875,30.0,-1.9765681028366089,0.020891904830932617,0.0007157682557590306,-0.677954375743866,9.999999747378752e-05,250.0
489,2351.640869140625,30.0,-1.9854854345321655,0.0012555597350001335,0.0007220676052384079,3.0839171409606934,9.999999747378752e-05,250.0
490,2425.805908203125,30.0,-1.9864977598190308,0.02117251232266426,0.0007119901711121202,3.347027540206909,9.999999747378752e-05,250.0
491,2444.41064453125,30.0,-1.985169529914856,0.0006606519455090165,0.0007142105605453253,-0.3776489794254303,9.999999747378752e-05,250.0
492,2432.841064453125,30.0,-1.9796215295791626,0.0009057308197952807,0.0007303060847334564,0.124566949903965,9.999999747378752e-05,250.0
493,2411.526611328125,30.0,-1.9739196300506592,0.016240648925304413,0.0007212059572339058,5.788680076599121,9.999999747378752e-05,250.0
494,2436.871337890625,30.0,-2.0031306743621826,0.0008104978478513658,0.000726302620023489,3.7485551834106445,9.999999747378752e-05,250.0
495,2419.959228515625,30.0,-1.9607512950897217,0.04094095155596733,0.0007190821343101561,1.0953336954116821,9.999999747378752e-05,250.0
496,2393.145263671875,30.0,-1.9917843341827393,0.02067634090781212,0.0006968078087083995,0.14880339801311493,9.999999747378752e-05,250.0
497,2431.5966796875,30.0,-1.983622431755066,0.021042965352535248,0.0006890671793371439,-5.444911003112793,9.999999747378752e-05,250.0
498,2432.249267578125,30.0,-1.9993869066238403,0.000742102216463536,0.0006983508937992156,1.251227617263794,9.999999747378752e-05,250.0
499,2398.47412109375,30.0,-1.971043348312378,0.001338084926828742,0.0007164457929320633,-1.691266417503357,9.999999747378752e-05,250.0
500,2426.72509765625,30.0,-1.9878408908843994,0.00106569763738662,0.000728825805708766,-2.0103862285614014,9.999999747378752e-05,250.0
501,2421.76123046875,30.0,-1.9773751497268677,0.006958072539418936,0.0007332235109061003,2.932325601577759,9.999999747378752e-05,250.0
502,2429.036376953125,30.0,-1.9779012203216553,0.0007679967675358057,0.0007491796277463436,1.8993905782699585,9.999999747378752e-05,250.0
503,2419.48828125,30.0,-1.9889672994613647,0.02025541290640831,0.0007424706127494574,-1.9194788932800293,9.999999747378752e-05,250.0
504,2444.12939453125,30.0,-1.9840726852416992,0.0010837801964953542,0.0007255394011735916,1.311077356338501,9.999999747378752e-05,250.0
505,2449.1416015625,30.0,-1.987508773803711,0.000939550343900919,0.0007171460893005133,2.4490835666656494,9.999999747378752e-05,250.0
506,2421.29248046875,30.0,-1.9880565404891968,0.0010145286796614528,0.0007166452705860138,-0.35322630405426025,9.999999747378752e-05,250.0
507,2429.577392578125,30.0,-1.992977499961853,0.0212565865367651,0.0007105334661900997,2.2448601722717285,9.999999747378752e-05,250.0
508,2343.255126953125,30.0,-1.9885743856430054,0.0008339393534697592,0.0007115702610462904,-0.6384305953979492,9.999999747378752e-05,250.0
509,2423.216064453125,30.0,-1.9779995679855347,0.0011612093076109886,0.0007153359474614263,0.7519927620887756,9.999999747378752e-05,250.0
510,2424.120361328125,30.0,-1.9834743738174438,0.0012325090356171131,0.0007189257885329425,1.5096197128295898,9.999999747378752e-05,250.0
511,2221.301025390625,30.0,-1.9783806800842285,0.04090753570199013,0.0007130005396902561,0.8883574604988098,9.999999747378752e-05,250.0
512,2412.575439453125,30.0,-2.008512020111084,0.0007471254793927073,0.0007357089780271053,-3.009511709213257,9.999999747378752e-05,250.0
513,2193.688232421875,30.0,-1.9857581853866577,0.001332487678155303,0.0007371403044089675,-4.7986884117126465,9.999999747378752e-05,250.0
514,2234.452880859375,30.0,-1.9762006998062134,0.020056473091244698,0.0007542436942458153,-0.4955764710903168,9.999999747378752e-05,250.0
515,2386.969482421875,30.0,-1.9820870161056519,0.01995888724923134,0.0007576201460324228,-3.132458209991455,9.999999747378752e-05,250.0
516,1961.4853515625,30.0,-1.9732791185379028,0.0013840022729709744,0.0007451369892805815,2.3820769786834717,9.999999747378752e-05,250.0
517,1982.5927734375,30.0,-1.9919441938400269,0.039723120629787445,0.0007480067433789372,-1.5153188705444336,9.999999747378752e-05,250.0
518,2432.52294921875,30.0,-1.995686411857605,0.005830935202538967,0.0007355017005465925,1.6576638221740723,9.999999747378752e-05,250.0
519,2420.830810546875,30.0,-1.993130087852478,0.000860129832290113,0.0007191603654064238,0.06978019326925278,9.999999747378752e-05,250.0
520,2384.935302734375,30.0,-2.013657808303833,0.0010003719944506884,0.0007055966416373849,-3.9091978073120117,9.999999747378752e-05,250.0
521,2454.97607421875,30.0,-1.9950182437896729,0.0007995408377610147,0.0006893336540088058,-1.2637560367584229,9.999999747378752e-05,250.0
522,2428.13134765625,30.0,-1.9944981336593628,0.00099182000849396,0.0006811119383201003,0.13204699754714966,9.999999747378752e-05,250.0
523,2379.786376953125,30.0,-1.9906166791915894,0.0009536702418699861,0.0006867607589811087,-1.880687952041626,9.999999747378752e-05,250.0
524,2404.10205078125,30.0,-1.9660524129867554,0.030259201303124428,0.000678105978295207,-0.7199804782867432,9.999999747378752e-05,250.0
525,2421.1767578125,30.0,-1.9708852767944336,0.021097764372825623,0.0006891594384796917,3.123155355453491,9.999999747378752e-05,250.0
526,2417.40625,30.0,-1.9952542781829834,0.02057841792702675,0.0007131759775802493,2.6179614067077637,9.999999747378752e-05,250.0
527,2442.800537109375,30.0,-1.985378623008728,0.041949085891246796,0.0007251654751598835,1.1975122690200806,9.999999747378752e-05,250.0
528,2409.47900390625,30.0,-1.986229658126831,0.0205739364027977,0.0007214811630547047,2.190263509750366,9.999999747378752e-05,250.0
